[
  {
    "event": "Saved Y tasks for 09/11/2025 to 15/11/2025",
    "timestamp": "2025-08-03T07:23:42.288380"
  },
  {
    "event": "Saved Y tasks for 03/08/2025 to 30/08/2025",
    "timestamp": "2025-08-03T07:26:13.010612"
  },
  {
    "event": "Saved Y tasks for 05/01/2025 to 18/01/2025",
    "timestamp": "2025-08-03T07:38:26.171784"
  },
  {
    "event": "Saved Y tasks for 05/01/2025 to 28/06/2025",
    "timestamp": "2025-08-03T07:50:37.256982"
  },
  {
    "event": "Saved Y tasks for 05/01/2025 to 29/03/2025",
    "timestamp": "2025-08-03T08:03:43.961499"
  },
  {
    "event": "Saved Y tasks for 05/01/2025 to 11/01/2025",
    "timestamp": "2025-08-03T08:06:15.484495"
  },
  {
    "event": "Saved Y tasks for 10/08/2025 to 30/08/2025",
    "timestamp": "2025-08-05T13:30:19.837274"
  },
  {
    "event": "Saved Y tasks for 10/08/2025 to 29/08/2026",
    "timestamp": "2025-08-05T17:32:49.586039"
  },
  {
    "event": "Saved Y tasks for 10/08/2025 to 29/08/2026",
    "timestamp": "2025-08-05T17:38:52.953068"
  },
  {
    "event": "Saved Y tasks for 10/08/2025 to 29/08/2026",
    "timestamp": "2025-08-05T17:44:31.083919"
  },
  {
    "event": "Saved Y tasks for 10/08/2025 to 30/08/2025",
    "timestamp": "2025-08-05T18:44:30.773931"
  },
  {
    "event": "Saved Y tasks for 10/08/2025 to 30/08/2025",
    "timestamp": "2025-08-05T18:49:47.291349"
  },
  {
    "event": "Saved Y tasks for 10/08/2025 to 30/08/2025",
    "timestamp": "2025-08-05T20:04:01.739327"
  },
  {
    "event": "Saved Y tasks for 03/08/2025 to 30/08/2025",
    "timestamp": "2025-08-05T20:12:47.683416"
  },
  {
    "event": "Saved Y tasks for 04/01/2026 to 26/12/2026",
    "timestamp": "2025-08-05T20:33:02.674401"
  },
  {
    "event": "Saved Y tasks for 04/01/2026 to 26/12/2026",
    "timestamp": "2025-08-05T20:33:20.142766"
  },
  {
    "event": "Saved Y tasks for 03/08/2025 to 30/08/2025",
    "timestamp": "2025-08-06T08:27:00.653511"
  },
  {
    "event": "Saved Y tasks for 03/08/2025 to 29/08/2026",
    "timestamp": "2025-08-06T12:15:14.993563"
  },
  {
    "event": "Saved Y tasks for 03/08/2025 to 30/08/2025",
    "timestamp": "2025-08-06T12:38:42.064749"
  },
  {
    "event": "Saved Y tasks for 03/08/2025 to 30/08/2025",
    "timestamp": "2025-08-06T12:54:51.082987"
  },
  {
    "event": "Saved Y tasks for 03/08/2025 to 29/08/2026",
    "timestamp": "2025-08-06T13:24:07.604805"
  },
  {
    "event": "Saved Y tasks for 03/08/2025 to 30/08/2025",
    "timestamp": "2025-08-06T13:36:26.433974"
  },
  {
    "event": "Saved Y tasks for 03/08/2025 to 30/08/2025",
    "timestamp": "2025-08-06T13:41:19.116011"
  },
  {
    "event": "Saved Y tasks for 07/09/2025 to 28/02/2026",
    "timestamp": "2025-08-06T13:42:52.500740"
  },
  {
    "event": "Saved Y tasks for 07/09/2025 to 28/02/2026",
    "timestamp": "2025-08-06T13:44:03.852630"
  },
  {
    "event": "Saved Y tasks for 03/08/2025 to 30/08/2025",
    "timestamp": "2025-08-06T13:44:33.981207"
  },
  {
    "event": "Saved Y tasks for 07/09/2025 to 27/09/2025",
    "timestamp": "2025-08-06T13:45:13.048444"
  },
  {
    "event": "Saved Y tasks for 03/08/2025 to 10/08/2025",
    "timestamp": "2025-08-06T14:04:54.983390"
  },
  {
    "event": "Saved Y tasks for 03/08/2025 to 30/08/2025",
    "timestamp": "2025-08-06T14:05:59.260948"
  },
  {
    "event": "Saved Y tasks for 03/08/2025 to 30/08/2025",
    "timestamp": "2025-08-06T15:01:05.784460"
  },
  {
    "event": "Saved Y tasks for 01/09/2025 to 30/09/2025",
    "timestamp": "2025-08-06T15:01:23.702333"
  },
  {
    "event": "Saved Y tasks for 03/08/2025 to 30/08/2025",
    "timestamp": "2025-08-06T15:05:27.803396"
  },
  {
    "event": "Saved Y tasks for 01/10/2025 to 31/10/2025 and updated 23 worker scores",
    "timestamp": "2025-08-06T15:15:27.778146"
  },
  {
    "event": "Saved Y tasks for 03/08/2025 to 09/08/2025 and updated 22 worker scores",
    "timestamp": "2025-08-06T15:29:21.957686"
  },
  {
    "event": "Saved Y tasks for 10/08/2025 to 16/08/2025 and updated 22 worker scores",
    "timestamp": "2025-08-06T19:24:51.918153"
  },
  {
    "event": "Saved Y tasks for 24/08/2025 to 25/10/2025 and updated 23 worker scores",
    "timestamp": "2025-08-06T19:25:19.641689"
  },
  {
    "event": "Saved Y tasks for 05/01/2025 to 25/01/2025 and updated 16 worker scores",
    "timestamp": "2025-08-09T14:08:06.479507"
  },
  {
    "event": "Saved Y tasks for 05/01/2025 to 28/06/2025 and updated 23 worker scores",
    "timestamp": "2025-08-09T14:40:38.974136"
  },
  {
    "event": "Saved Y tasks for 05/01/2025 to 25/01/2025 and updated 23 worker scores",
    "timestamp": "2025-08-09T19:19:50.074198"
  },
  {
    "event": "Saved Y tasks for 05/01/2025 to 25/01/2025 and updated 16 worker scores",
    "timestamp": "2025-08-09T20:35:06.269717"
  },
  {
    "event": "Saved Y tasks for 26/01/2025 to 31/05/2025 and updated 23 worker scores",
    "timestamp": "2025-08-09T20:38:14.657586"
  },
  {
    "event": "Saved Y tasks for 05/01/2025 to 31/05/2025 and updated 23 worker scores",
    "timestamp": "2025-08-09T21:01:37.565889"
  },
  {
    "event": "Saved Y tasks for 03/08/2025 to 09/08/2025 and updated 5 worker scores",
    "timestamp": "2025-08-09T21:22:01.565132"
  },
  {
    "event": "Saved Y tasks for 03/08/2025 to 09/08/2025 and updated 10 worker scores",
    "timestamp": "2025-08-09T21:24:50.481529"
  },
  {
    "event": "Saved Y tasks for 10/08/2025 to 16/08/2025 and updated 13 worker scores",
    "timestamp": "2025-08-09T21:25:04.162998"
  },
  {
    "event": "Saved Y tasks for 17/08/2025 to 23/08/2025 and updated 17 worker scores",
    "timestamp": "2025-08-09T21:25:23.512826"
  },
  {
    "event": "Saved Y tasks for 03/08/2025 to 09/08/2025 and updated 17 worker scores",
    "timestamp": "2025-08-09T21:35:41.523477"
  },
  {
    "event": "Saved Y tasks for 10/08/2025 to 16/08/2025 and updated 13 worker scores",
    "timestamp": "2025-08-09T21:35:53.086967"
  },
  {
    "event": "Saved Y tasks for 17/08/2025 to 23/08/2025 and updated 14 worker scores",
    "timestamp": "2025-08-09T21:36:05.688280"
  },
  {
    "event": "Saved Y tasks for 24/08/2025 to 30/08/2025 and updated 13 worker scores",
    "timestamp": "2025-08-09T21:36:16.884955"
  },
  {
    "event": "Saved Y tasks for 03/08/2025 to 09/08/2025 and updated 9 worker scores",
    "timestamp": "2025-08-09T21:39:47.369268"
  },
  {
    "event": "Saved Y tasks for 10/08/2025 to 16/08/2025 and updated 13 worker scores",
    "timestamp": "2025-08-09T21:39:58.152227"
  },
  {
    "event": "Saved Y tasks for 17/08/2025 to 23/08/2025 and updated 15 worker scores",
    "timestamp": "2025-08-09T21:40:18.307238"
  },
  {
    "event": "Saved Y tasks for 24/08/2025 to 30/08/2025 and updated 13 worker scores",
    "timestamp": "2025-08-09T21:40:27.783717"
  },
  {
    "event": "Saved Y tasks for 03/08/2025 to 09/08/2025 and updated 19 worker scores",
    "timestamp": "2025-08-09T21:56:49.152906"
  },
  {
    "event": "Saved Y tasks for 10/08/2025 to 16/08/2025 and updated 20 worker scores",
    "timestamp": "2025-08-09T21:56:55.914716"
  },
  {
    "event": "Saved Y tasks for 17/08/2025 to 23/08/2025 and updated 20 worker scores",
    "timestamp": "2025-08-09T21:57:05.095697"
  },
  {
    "event": "Saved Y tasks for 24/08/2025 to 30/08/2025 and updated 20 worker scores",
    "timestamp": "2025-08-09T21:57:17.026213"
  },
  {
    "event": "Saved Y tasks for 17/08/2025 to 23/08/2025 and updated 21 worker scores",
    "timestamp": "2025-08-09T21:59:57.250015"
  },
  {
    "event": "Saved Y tasks for 03/08/2025 to 09/08/2025 and updated 18 worker scores",
    "timestamp": "2025-08-09T22:00:36.994246"
  },
  {
    "event": "Saved Y tasks for 03/08/2025 to 30/08/2025 and updated 23 worker scores",
    "timestamp": "2025-08-10T15:51:16.130811"
  },
  {
    "event": "Saved Y tasks for 03/08/2025 to 09/08/2025 and updated 20 worker scores",
    "timestamp": "2025-08-10T16:02:55.597140"
  },
  {
    "event": "Saved Y tasks for 10/08/2025 to 16/08/2025 and updated 23 worker scores",
    "timestamp": "2025-08-10T16:03:09.078283"
  },
  {
    "event": "Saved Y tasks for 17/08/2025 to 30/08/2025 and updated 23 worker scores",
    "timestamp": "2025-08-10T16:03:27.159979"
  },
  {
    "event": "Saved Y tasks for 10/08/2025 to 16/08/2025 and updated 20 worker scores",
    "timestamp": "2025-08-10T20:10:14.365857"
  },
  {
    "event": "Saved Y tasks for 03/08/2025 to 30/08/2025 and updated 23 worker scores",
    "timestamp": "2025-08-10T21:13:02.447563"
  },
  {
    "event": "Saved Y tasks for 07/09/2025 to 28/02/2026 and updated 23 worker scores",
    "timestamp": "2025-08-10T21:14:20.700398"
  },
  {
    "event": "Saved Y tasks for 02/08/2026 to 14/08/2027 and updated 23 worker scores",
    "timestamp": "2025-08-10T21:14:44.549471"
  },
  {
    "event": "Saved Y tasks for 03/08/2025 to 09/08/2025 and updated 17 worker scores",
    "timestamp": "2025-08-10T21:50:18.581064"
  },
  {
    "event": "Saved Y tasks for 10/08/2025 to 16/08/2025 and updated 12 worker scores",
    "timestamp": "2025-08-10T21:50:31.216143"
  },
  {
    "event": "Saved Y tasks for 07/09/2025 to 29/11/2025 and updated 24 worker scores",
    "timestamp": "2025-08-10T21:50:49.850703"
  },
  {
    "event": {
      "event": "settings_reset",
      "clear_y": true,
      "reset_workers": true,
      "clear_history": true,
      "clear_x": true,
      "removed_y_files": 4,
      "updated_workers": 23
    },
    "timestamp": "2025-08-12T20:44:59.328200"
  },
  {
    "event": {
      "event": "settings_reset",
      "clear_y": true,
      "reset_workers": true,
      "clear_history": true,
      "clear_x": true,
      "removed_y_files": 0,
      "updated_workers": 23
    },
    "timestamp": "2025-08-12T20:56:43.817821"
  },
  {
    "event": {
      "event": "settings_reset",
      "clear_y": false,
      "reset_workers": false,
      "clear_history": false,
      "clear_x": true,
      "removed_y_files": 0,
      "updated_workers": 0
    },
    "timestamp": "2025-08-12T20:58:09.045272"
  },
  {
    "event": {
      "event": "settings_reset",
      "clear_y": true,
      "reset_workers": true,
      "clear_history": true,
      "clear_x": true,
      "removed_y_files": 1,
      "updated_workers": 23
    },
    "timestamp": "2025-08-12T21:11:15.459931"
  },
  {
    "event": {
      "event": "settings_reset",
      "clear_y": true,
      "reset_workers": true,
      "clear_history": true,
      "clear_x": true,
      "removed_y_files": 0,
      "updated_workers": 23
    },
    "timestamp": "2025-08-12T21:28:03.691410"
  },
  {
    "event": {
      "event": "settings_reset",
      "clear_y": true,
      "reset_workers": true,
      "clear_history": true,
      "clear_x": true,
      "removed_y_files": 0,
      "updated_workers": 23
    },
    "timestamp": "2025-08-12T21:34:42.952959"
  },
  {
    "event": {
      "event": "settings_reset",
      "clear_y": true,
      "reset_workers": true,
      "clear_history": true,
      "clear_x": false,
      "removed_y_files": 0,
      "updated_workers": 23
    },
    "timestamp": "2025-08-12T21:37:34.908564"
  },
  {
    "event": {
      "event": "settings_reset",
      "clear_y": true,
      "reset_workers": true,
      "clear_history": true,
      "clear_x": true,
      "removed_y_files": 0,
      "updated_workers": 23
    },
    "timestamp": "2025-08-12T21:38:31.801121"
  },
  {
    "event": {
      "event": "settings_reset",
      "clear_y": false,
      "reset_workers": true,
      "clear_history": true,
      "clear_x": false,
      "removed_y_files": 0,
      "updated_workers": 23
    },
    "timestamp": "2025-08-12T21:44:46.182129"
  },
  {
    "event": {
      "event": "settings_reset",
      "clear_y": false,
      "reset_workers": true,
      "clear_history": true,
      "clear_x": false,
      "removed_y_files": 0,
      "updated_workers": 23
    },
    "timestamp": "2025-08-12T21:45:14.216843"
  },
  {
    "event": {
      "event": "settings_reset",
      "clear_y": true,
      "reset_workers": true,
      "clear_history": true,
      "clear_x": true,
      "removed_y_files": 1,
      "updated_workers": 23
    },
    "timestamp": "2025-08-12T21:54:02.280907"
  },
  {
    "event": {
      "event": "settings_reset",
      "clear_y": false,
      "reset_workers": true,
      "clear_history": true,
      "clear_x": false,
      "removed_y_files": 0,
      "updated_workers": 23
    },
    "timestamp": "2025-08-12T21:54:18.882439"
  },
  {
    "event": {
      "event": "settings_reset",
      "clear_y": true,
      "reset_workers": true,
      "clear_history": true,
      "clear_x": true,
      "removed_y_files": 1,
      "updated_workers": 23
    },
    "timestamp": "2025-08-13T10:28:56.239299"
  },
  {
    "event": {
      "event": "settings_reset",
      "clear_y": false,
      "reset_workers": true,
      "clear_history": true,
      "clear_x": false,
      "removed_y_files": 0,
      "updated_workers": 23
    },
    "timestamp": "2025-08-13T10:37:51.255409"
  },
  {
    "event": {
      "event": "settings_reset",
      "clear_y": false,
      "reset_workers": true,
      "clear_history": true,
      "clear_x": false,
      "removed_y_files": 0,
      "updated_workers": 23
    },
    "timestamp": "2025-08-13T10:38:11.114103"
  },
  {
    "event": {
      "event": "settings_reset",
      "clear_y": false,
      "reset_workers": true,
      "clear_history": true,
      "clear_x": false,
      "removed_y_files": 0,
      "updated_workers": 23
    },
    "timestamp": "2025-08-13T10:38:33.297834"
  },
  {
    "event": {
      "event": "settings_reset",
      "clear_y": false,
      "reset_workers": true,
      "clear_history": true,
      "clear_x": false,
      "removed_y_files": 0,
      "updated_workers": 23
    },
    "timestamp": "2025-08-13T10:38:58.328230"
  },
  {
    "event": {
      "event": "settings_reset",
      "clear_y": false,
      "reset_workers": true,
      "clear_history": true,
      "clear_x": false,
      "removed_y_files": 0,
      "updated_workers": 23
    },
    "timestamp": "2025-08-13T10:52:54.644984"
  },
  {
    "event": {
      "event": "settings_reset",
      "clear_y": false,
      "reset_workers": true,
      "clear_history": true,
      "clear_x": false,
      "removed_y_files": 0,
      "updated_workers": 23
    },
    "timestamp": "2025-08-13T10:53:10.653329"
  },
  {
    "event": {
      "event": "settings_reset",
      "clear_y": false,
      "reset_workers": true,
      "clear_history": true,
      "clear_x": false,
      "removed_y_files": 0,
      "updated_workers": 23
    },
    "timestamp": "2025-08-13T10:53:22.232626"
  },
  {
    "event": {
      "event": "settings_reset",
      "clear_y": false,
      "reset_workers": true,
      "clear_history": true,
      "clear_x": false,
      "removed_y_files": 0,
      "updated_workers": 23
    },
    "timestamp": "2025-08-13T10:53:37.751917"
  },
  {
    "event": {
      "event": "settings_reset",
      "clear_y": false,
      "reset_workers": true,
      "clear_history": true,
      "clear_x": false,
      "removed_y_files": 0,
      "updated_workers": 23
    },
    "timestamp": "2025-08-13T10:54:00.153601"
  },
  {
    "event": {
      "event": "settings_reset",
      "clear_y": false,
      "reset_workers": true,
      "clear_history": true,
      "clear_x": false,
      "removed_y_files": 0,
      "updated_workers": 23
    },
    "timestamp": "2025-08-13T10:54:19.117474"
  },
  {
    "event": {
      "event": "settings_reset",
      "clear_y": false,
      "reset_workers": true,
      "clear_history": true,
      "clear_x": false,
      "removed_y_files": 0,
      "updated_workers": 23
    },
    "timestamp": "2025-08-13T10:55:27.174631"
  },
  {
    "event": {
      "event": "settings_reset",
      "clear_y": true,
      "reset_workers": true,
      "clear_history": true,
      "clear_x": true,
      "removed_y_files": 4,
      "updated_workers": 23
    },
    "timestamp": "2025-08-13T10:58:07.286705"
  },
  {
    "event": {
      "event": "settings_reset",
      "clear_y": false,
      "reset_workers": true,
      "clear_history": true,
      "clear_x": false,
      "removed_y_files": 0,
      "updated_workers": 23
    },
    "timestamp": "2025-08-13T11:03:48.991066"
  },
  {
    "event": {
      "event": "settings_reset",
      "clear_y": true,
      "reset_workers": true,
      "clear_history": true,
      "clear_x": false,
      "removed_y_files": 2,
      "updated_workers": 23
    },
    "timestamp": "2025-08-13T11:24:18.680078"
  },
  {
    "event": {
      "event": "settings_reset",
      "clear_y": true,
      "reset_workers": true,
      "clear_history": true,
      "clear_x": false,
      "removed_y_files": 2,
      "updated_workers": 23
    },
    "timestamp": "2025-08-13T19:34:55.878298"
  },
  {
    "event": {
      "event": "settings_reset",
      "clear_y": true,
      "reset_workers": true,
      "clear_history": true,
      "clear_x": false,
      "removed_y_files": 0,
      "updated_workers": 23
    },
    "timestamp": "2025-08-13T19:46:32.985066"
  },
  {
    "event": {
      "event": "settings_reset",
      "clear_y": true,
      "reset_workers": true,
      "clear_history": true,
      "clear_x": false,
      "removed_y_files": 0,
      "updated_workers": 23
    },
    "timestamp": "2025-08-13T19:46:37.076048"
  },
  {
    "event": {
      "event": "settings_reset",
      "clear_y": true,
      "reset_workers": true,
      "clear_history": true,
      "clear_x": false,
      "removed_y_files": 0,
      "updated_workers": 23
    },
    "timestamp": "2025-08-13T19:46:37.827005"
  },
  {
    "event": {
      "event": "settings_reset",
      "clear_y": true,
      "reset_workers": true,
      "clear_history": true,
      "clear_x": false,
      "removed_y_files": 0,
      "updated_workers": 23
    },
    "timestamp": "2025-08-13T19:51:29.831500"
  },
  {
    "event": {
      "event": "settings_reset",
      "clear_y": true,
      "reset_workers": true,
      "clear_history": true,
      "clear_x": false,
      "removed_y_files": 0,
      "updated_workers": 23
    },
    "timestamp": "2025-08-13T19:51:38.481640"
  },
  {
    "event": {
      "event": "settings_reset",
      "clear_y": true,
      "reset_workers": true,
      "clear_history": true,
      "clear_x": false,
      "removed_y_files": 0,
      "updated_workers": 23
    },
    "timestamp": "2025-08-13T19:51:39.591286"
  },
  {
    "event": {
      "event": "settings_reset",
      "clear_y": true,
      "reset_workers": true,
      "clear_history": true,
      "clear_x": false,
      "removed_y_files": 0,
      "updated_workers": 23
    },
    "timestamp": "2025-08-13T19:51:40.399491"
  },
  {
    "event": {
      "event": "settings_reset",
      "clear_y": true,
      "reset_workers": true,
      "clear_history": true,
      "clear_x": false,
      "removed_y_files": 0,
      "updated_workers": 23
    },
    "timestamp": "2025-08-13T19:51:46.297345"
  },
  {
    "event": {
      "event": "settings_reset",
      "clear_y": true,
      "reset_workers": true,
      "clear_history": true,
      "clear_x": false,
      "removed_y_files": 0,
      "updated_workers": 23
    },
    "timestamp": "2025-08-13T19:54:46.900837"
  },
  {
    "event": {
      "event": "settings_reset",
      "clear_y": true,
      "reset_workers": true,
      "clear_history": true,
      "clear_x": false,
      "removed_y_files": 0,
      "updated_workers": 23
    },
    "timestamp": "2025-08-13T19:54:48.353820"
  },
  {
    "event": {
      "event": "settings_reset",
      "clear_y": false,
      "reset_workers": true,
      "clear_history": true,
      "clear_x": false,
      "removed_y_files": 0,
      "updated_workers": 23
    },
    "timestamp": "2025-08-13T19:55:28.167756"
  },
  {
    "event": {
      "event": "settings_reset",
      "clear_y": true,
      "reset_workers": true,
      "clear_history": true,
      "clear_x": false,
      "removed_y_files": 1,
      "updated_workers": 23
    },
    "timestamp": "2025-08-13T19:57:21.924164"
  },
  {
    "event": {
      "event": "settings_reset",
      "clear_y": false,
      "reset_workers": true,
      "clear_history": true,
      "clear_x": false,
      "removed_y_files": 0,
      "updated_workers": 23
    },
    "timestamp": "2025-08-13T19:57:39.721688"
  },
  {
    "event": {
      "event": "settings_reset",
      "clear_y": true,
      "reset_workers": true,
      "clear_history": true,
      "clear_x": false,
      "removed_y_files": 1,
      "updated_workers": 23
    },
    "timestamp": "2025-08-13T20:32:16.743420"
  },
  {
    "event": {
      "event": "settings_reset",
      "clear_y": false,
      "reset_workers": true,
      "clear_history": true,
      "clear_x": false,
      "removed_y_files": 0,
      "updated_workers": 23
    },
    "timestamp": "2025-08-13T20:32:34.012432"
  },
  {
    "event": {
      "event": "settings_reset",
      "clear_y": true,
      "reset_workers": true,
      "clear_history": true,
      "clear_x": false,
      "removed_y_files": 1,
      "updated_workers": 23
    },
    "timestamp": "2025-08-13T20:33:39.959985"
  },
  {
    "event": {
      "event": "settings_reset",
      "clear_y": true,
      "reset_workers": true,
      "clear_history": true,
      "clear_x": false,
      "removed_y_files": 1,
      "updated_workers": 23
    },
    "timestamp": "2025-08-13T20:34:20.267911"
  },
  {
    "event": {
      "event": "settings_reset",
      "clear_y": false,
      "reset_workers": true,
      "clear_history": true,
      "clear_x": false,
      "removed_y_files": 0,
      "updated_workers": 23
    },
    "timestamp": "2025-08-13T20:34:38.197685"
  },
  {
    "event": {
      "event": "settings_reset",
      "clear_y": true,
      "reset_workers": true,
      "clear_history": true,
      "clear_x": false,
      "removed_y_files": 1,
      "updated_workers": 23
    },
    "timestamp": "2025-08-13T20:41:36.941505"
  },
  {
    "event": {
      "event": "settings_reset",
      "clear_y": false,
      "reset_workers": true,
      "clear_history": true,
      "clear_x": false,
      "removed_y_files": 0,
      "updated_workers": 23
    },
    "timestamp": "2025-08-13T20:41:48.554906"
  },
  {
    "event": {
      "event": "settings_reset",
      "clear_y": true,
      "reset_workers": true,
      "clear_history": true,
      "clear_x": false,
      "removed_y_files": 1,
      "updated_workers": 23
    },
    "timestamp": "2025-08-13T20:44:59.717145"
  },
  {
    "event": {
      "event": "settings_reset",
      "clear_y": false,
      "reset_workers": true,
      "clear_history": true,
      "clear_x": false,
      "removed_y_files": 0,
      "updated_workers": 24
    },
    "timestamp": "2025-08-13T20:54:45.453627"
  },
  {
    "event": {
      "event": "settings_reset",
      "clear_y": true,
      "reset_workers": true,
      "clear_history": true,
      "clear_x": false,
      "removed_y_files": 1,
      "updated_workers": 24
    },
    "timestamp": "2025-08-13T20:56:22.619229"
  },
  {
    "event": {
      "event": "settings_reset",
      "clear_y": true,
      "reset_workers": true,
      "clear_history": true,
      "clear_x": false,
      "removed_y_files": 0,
      "updated_workers": 24
    },
    "timestamp": "2025-08-13T20:56:25.072246"
  },
  {
    "event": {
      "event": "settings_reset",
      "clear_y": true,
      "reset_workers": true,
      "clear_history": true,
      "clear_x": true,
      "removed_y_files": 0,
      "updated_workers": 24
    },
    "timestamp": "2025-08-13T20:56:54.489807"
  },
  {
    "event": {
      "event": "settings_reset",
      "clear_y": false,
      "reset_workers": true,
      "clear_history": true,
      "clear_x": false,
      "removed_y_files": 0,
      "updated_workers": 24
    },
    "timestamp": "2025-08-14T12:23:30.231819"
  },
  {
    "event": {
      "event": "settings_reset",
      "clear_y": true,
      "reset_workers": true,
      "clear_history": true,
      "clear_x": false,
      "removed_y_files": 1,
      "updated_workers": 24
    },
    "timestamp": "2025-08-14T13:12:01.858992"
  },
  {
    "event": {
      "event": "settings_reset",
      "clear_y": false,
      "reset_workers": true,
      "clear_history": true,
      "clear_x": false,
      "removed_y_files": 0,
      "updated_workers": 24
    },
    "timestamp": "2025-08-14T13:12:12.766434"
  },
  {
    "event": {
      "event": "settings_reset",
      "clear_y": false,
      "reset_workers": true,
      "clear_history": true,
      "clear_x": false,
      "removed_y_files": 0,
      "updated_workers": 24
    },
    "timestamp": "2025-08-14T18:24:53.704502"
  },
  {
    "event": {
      "event": "settings_reset",
      "clear_y": false,
      "reset_workers": true,
      "clear_history": true,
      "clear_x": false,
      "removed_y_files": 0,
      "updated_workers": 24
    },
    "timestamp": "2025-08-14T18:24:55.178236"
  },
  {
    "event": {
      "event": "settings_reset",
      "clear_y": false,
      "reset_workers": true,
      "clear_history": true,
      "clear_x": false,
      "removed_y_files": 0,
      "updated_workers": 24
    },
    "timestamp": "2025-08-14T18:24:56.492452"
  },
  {
    "event": {
      "event": "settings_reset",
      "clear_y": false,
      "reset_workers": true,
      "clear_history": true,
      "clear_x": false,
      "removed_y_files": 0,
      "updated_workers": 24
    },
    "timestamp": "2025-08-14T18:25:09.063993"
  },
  {
    "event": {
      "event": "settings_reset",
      "clear_y": false,
      "reset_workers": true,
      "clear_history": true,
      "clear_x": false,
      "removed_y_files": 0,
      "updated_workers": 24
    },
    "timestamp": "2025-08-15T09:01:10.288272"
  },
  {
    "event": {
      "event": "settings_reset",
      "clear_y": true,
      "reset_workers": true,
      "clear_history": true,
      "clear_x": false,
      "removed_y_files": 1,
      "updated_workers": 24
    },
    "timestamp": "2025-08-15T09:03:55.763217"
  },
  {
    "event": {
      "event": "settings_reset",
      "clear_y": true,
      "reset_workers": true,
      "clear_history": true,
      "clear_x": true,
      "removed_y_files": 0,
      "updated_workers": 24
    },
    "timestamp": "2025-08-15T09:03:59.073915"
  },
  {
    "event": {
      "event": "settings_reset",
      "clear_y": false,
      "reset_workers": true,
      "clear_history": true,
      "clear_x": false,
      "removed_y_files": 0,
      "updated_workers": 24
    },
    "timestamp": "2025-08-15T09:04:11.260148"
  },
  {
    "event": {
      "event": "settings_reset",
      "clear_y": false,
      "reset_workers": true,
      "clear_history": true,
      "clear_x": false,
      "removed_y_files": 0,
      "updated_workers": 24
    },
    "timestamp": "2025-08-15T09:07:49.403882"
  },
  {
    "event": {
      "event": "settings_reset",
      "clear_y": false,
      "reset_workers": true,
      "clear_history": true,
      "clear_x": false,
      "removed_y_files": 0,
      "updated_workers": 24
    },
    "timestamp": "2025-08-15T09:08:14.748048"
  },
  {
    "event": {
      "event": "settings_reset",
      "clear_y": false,
      "reset_workers": true,
      "clear_history": true,
      "clear_x": false,
      "removed_y_files": 0,
      "updated_workers": 24
    },
    "timestamp": "2025-08-15T09:17:27.950681"
  },
  {
    "event": {
      "event": "settings_reset",
      "clear_y": true,
      "reset_workers": true,
      "clear_history": true,
      "clear_x": false,
      "removed_y_files": 1,
      "updated_workers": 24
    },
    "timestamp": "2025-08-15T09:23:49.133169"
  },
  {
    "event": {
      "event": "settings_reset",
      "clear_y": false,
      "reset_workers": true,
      "clear_history": true,
      "clear_x": false,
      "removed_y_files": 0,
      "updated_workers": 24
    },
    "timestamp": "2025-08-15T09:23:58.543395"
  },
  {
    "event": {
      "event": "settings_reset",
      "clear_y": false,
      "reset_workers": true,
      "clear_history": true,
      "clear_x": false,
      "removed_y_files": 0,
      "updated_workers": 24
    },
    "timestamp": "2025-08-15T09:24:57.728082"
  },
  {
    "event": {
      "event": "settings_reset",
      "clear_y": true,
      "reset_workers": true,
      "clear_history": true,
      "clear_x": false,
      "removed_y_files": 1,
      "updated_workers": 24
    },
    "timestamp": "2025-08-15T09:27:46.014961"
  },
  {
    "event": {
      "event": "settings_reset",
      "clear_y": false,
      "reset_workers": true,
      "clear_history": true,
      "clear_x": false,
      "removed_y_files": 0,
      "updated_workers": 24
    },
    "timestamp": "2025-08-15T09:27:58.901671"
  },
  {
    "event": {
      "event": "settings_reset",
      "clear_y": true,
      "reset_workers": true,
      "clear_history": true,
      "clear_x": false,
      "removed_y_files": 1,
      "updated_workers": 24
    },
    "timestamp": "2025-08-15T10:07:32.305920"
  },
  {
    "event": {
      "event": "settings_reset",
      "clear_y": false,
      "reset_workers": true,
      "clear_history": true,
      "clear_x": false,
      "removed_y_files": 0,
      "updated_workers": 24
    },
    "timestamp": "2025-08-15T10:07:42.831744"
  },
  {
    "event": {
      "event": "settings_reset",
      "clear_y": true,
      "reset_workers": true,
      "clear_history": true,
      "clear_x": false,
      "removed_y_files": 1,
      "updated_workers": 24
    },
    "timestamp": "2025-08-15T10:08:34.216033"
  },
  {
    "event": {
      "event": "settings_reset",
      "clear_y": false,
      "reset_workers": true,
      "clear_history": true,
      "clear_x": false,
      "removed_y_files": 0,
      "updated_workers": 24
    },
    "timestamp": "2025-08-15T10:09:06.253963"
  },
  {
    "event": {
      "event": "settings_reset",
      "clear_y": true,
      "reset_workers": true,
      "clear_history": true,
      "clear_x": false,
      "removed_y_files": 0,
      "updated_workers": 24
    },
    "timestamp": "2025-08-15T10:09:54.588502"
  },
  {
    "event": {
      "event": "settings_reset",
      "clear_y": false,
      "reset_workers": true,
      "clear_history": true,
      "clear_x": false,
      "removed_y_files": 0,
      "updated_workers": 24
    },
    "timestamp": "2025-08-15T10:12:27.139438"
  },
  {
    "event": {
      "event": "settings_reset",
      "clear_y": true,
      "reset_workers": true,
      "clear_history": true,
      "clear_x": false,
      "removed_y_files": 1,
      "updated_workers": 24
    },
    "timestamp": "2025-08-15T20:06:56.507662"
  },
  {
    "event": {
      "event": "settings_reset",
      "clear_y": false,
      "reset_workers": true,
      "clear_history": true,
      "clear_x": false,
      "removed_y_files": 0,
      "updated_workers": 24
    },
    "timestamp": "2025-08-15T20:07:07.631234"
  },
  {
    "event": {
      "event": "settings_reset",
      "clear_y": false,
      "reset_workers": true,
      "clear_history": true,
      "clear_x": false,
      "removed_y_files": 0,
      "updated_workers": 24
    },
    "timestamp": "2025-08-15T20:07:15.903025"
  },
  {
    "event": {
      "event": "settings_reset",
      "clear_y": false,
      "reset_workers": true,
      "clear_history": true,
      "clear_x": false,
      "removed_y_files": 0,
      "updated_workers": 24
    },
    "timestamp": "2025-08-15T20:07:25.608555"
  },
  {
    "event": {
      "event": "settings_reset",
      "clear_y": false,
      "reset_workers": true,
      "clear_history": true,
      "clear_x": false,
      "removed_y_files": 0,
      "updated_workers": 24
    },
    "timestamp": "2025-08-15T20:07:32.634606"
  },
  {
    "event": {
      "event": "settings_reset",
      "clear_y": false,
      "reset_workers": true,
      "clear_history": true,
      "clear_x": false,
      "removed_y_files": 0,
      "updated_workers": 24
    },
    "timestamp": "2025-08-15T20:07:46.724826"
  },
  {
    "event": {
      "event": "settings_reset",
      "clear_y": false,
      "reset_workers": true,
      "clear_history": true,
      "clear_x": false,
      "removed_y_files": 0,
      "updated_workers": 24
    },
    "timestamp": "2025-08-15T20:07:48.575647"
  },
  {
    "event": {
      "event": "settings_reset",
      "clear_y": false,
      "reset_workers": true,
      "clear_history": true,
      "clear_x": false,
      "removed_y_files": 0,
      "updated_workers": 24
    },
    "timestamp": "2025-08-15T20:07:49.481722"
  },
  {
    "event": {
      "event": "settings_reset",
      "clear_y": false,
      "reset_workers": true,
      "clear_history": true,
      "clear_x": false,
      "removed_y_files": 0,
      "updated_workers": 24
    },
    "timestamp": "2025-08-15T20:07:50.097704"
  },
  {
    "event": {
      "event": "settings_reset",
      "clear_y": false,
      "reset_workers": true,
      "clear_history": true,
      "clear_x": false,
      "removed_y_files": 0,
      "updated_workers": 24
    },
    "timestamp": "2025-08-15T20:07:53.431263"
  },
  {
    "event": {
      "event": "settings_reset",
      "clear_y": true,
      "reset_workers": true,
      "clear_history": true,
      "clear_x": false,
      "removed_y_files": 3,
      "updated_workers": 24
    },
    "timestamp": "2025-08-15T20:08:10.263562"
  },
  {
    "event": {
      "event": "settings_reset",
      "clear_y": false,
      "reset_workers": true,
      "clear_history": true,
      "clear_x": false,
      "removed_y_files": 0,
      "updated_workers": 24
    },
    "timestamp": "2025-08-15T20:08:19.142295"
  },
  {
    "event": {
      "event": "settings_reset",
      "clear_y": true,
      "reset_workers": true,
      "clear_history": true,
      "clear_x": false,
      "removed_y_files": 1,
      "updated_workers": 24
    },
    "timestamp": "2025-08-15T20:10:36.612398"
  },
  {
    "event": {
      "event": "settings_reset",
      "clear_y": true,
      "reset_workers": true,
      "clear_history": true,
      "clear_x": false,
      "removed_y_files": 0,
      "updated_workers": 24
    },
    "timestamp": "2025-08-15T20:22:53.239098"
  },
  {
    "event": {
      "event": "settings_reset",
      "clear_y": true,
      "reset_workers": true,
      "clear_history": true,
      "clear_x": false,
      "removed_y_files": 0,
      "updated_workers": 24
    },
    "timestamp": "2025-08-15T20:27:26.384462"
  },
  {
    "event": {
      "event": "settings_reset",
      "clear_y": false,
      "reset_workers": true,
      "clear_history": true,
      "clear_x": false,
      "removed_y_files": 0,
      "updated_workers": 24
    },
    "timestamp": "2025-08-16T15:29:24.606250+00:00"
  },
  {
    "event": {
      "event": "settings_reset",
      "clear_y": true,
      "reset_workers": true,
      "clear_history": true,
      "clear_x": false,
      "removed_y_files": 2,
      "updated_workers": 24
    },
    "timestamp": "2025-08-16T16:26:18.857157+00:00"
  },
  {
    "event": {
      "event": "settings_reset",
      "clear_y": true,
      "reset_workers": true,
      "clear_history": true,
      "clear_x": true,
      "removed_y_files": 0,
      "updated_workers": 24
    },
    "timestamp": "2025-08-16T16:26:59.059927+00:00"
  },
  {
    "event": {
      "event": "settings_reset",
      "clear_y": true,
      "reset_workers": true,
      "clear_history": true,
      "clear_x": false,
      "removed_y_files": 1,
      "updated_workers": 24
    },
    "timestamp": "2025-08-16T16:42:34.953713+00:00"
  },
  {
    "event": {
      "event": "settings_reset",
      "clear_y": false,
      "reset_workers": true,
      "clear_history": true,
      "clear_x": false,
      "removed_y_files": 0,
      "updated_workers": 24
    },
    "timestamp": "2025-08-16T16:48:36.434665+00:00"
  },
  {
    "event": {
      "event": "settings_reset",
      "clear_y": true,
      "reset_workers": true,
      "clear_history": true,
      "clear_x": false,
      "removed_y_files": 1,
      "updated_workers": 24
    },
    "timestamp": "2025-08-16T16:55:39.276341+00:00"
  },
  {
    "event": {
      "event": "settings_reset",
      "clear_y": false,
      "reset_workers": true,
      "clear_history": true,
      "clear_x": false,
      "removed_y_files": 0,
      "updated_workers": 24
    },
    "timestamp": "2025-08-16T16:56:04.099164+00:00"
  },
  {
    "event": {
      "event": "settings_reset",
      "clear_y": true,
      "reset_workers": true,
      "clear_history": true,
      "clear_x": false,
      "removed_y_files": 1,
      "updated_workers": 24
    },
    "timestamp": "2025-08-16T17:20:10.505837+00:00"
  },
  {
    "event": {
      "event": "settings_reset",
      "clear_y": false,
      "reset_workers": true,
      "clear_history": true,
      "clear_x": false,
      "removed_y_files": 0,
      "updated_workers": 24
    },
    "timestamp": "2025-08-16T17:20:46.107065+00:00"
  },
  {
    "event": {
      "event": "settings_reset",
      "clear_y": true,
      "reset_workers": true,
      "clear_history": true,
      "clear_x": false,
      "removed_y_files": 1,
      "updated_workers": 24
    },
    "timestamp": "2025-08-16T17:26:12.372970+00:00"
  },
  {
    "event": {
      "event": "settings_reset",
      "clear_y": false,
      "reset_workers": true,
      "clear_history": true,
      "clear_x": false,
      "removed_y_files": 0,
      "updated_workers": 24
    },
    "timestamp": "2025-08-16T17:27:35.372950+00:00"
  },
  {
    "event": {
      "event": "settings_reset",
      "clear_y": true,
      "reset_workers": true,
      "clear_history": true,
      "clear_x": false,
      "removed_y_files": 1,
      "updated_workers": 24
    },
    "timestamp": "2025-08-16T17:43:08.516210+00:00"
  },
  {
    "event": {
      "event": "settings_reset",
      "clear_y": false,
      "reset_workers": true,
      "clear_history": true,
      "clear_x": false,
      "removed_y_files": 0,
      "updated_workers": 24
    },
    "timestamp": "2025-08-16T17:43:28.583417+00:00"
  },
  {
    "event": {
      "event": "settings_reset",
      "clear_y": true,
      "reset_workers": true,
      "clear_history": true,
      "clear_x": false,
      "removed_y_files": 1,
      "updated_workers": 24
    },
    "timestamp": "2025-08-16T17:49:44.412283+00:00"
  },
  {
    "event": {
      "event": "settings_reset",
      "clear_y": false,
      "reset_workers": true,
      "clear_history": true,
      "clear_x": false,
      "removed_y_files": 0,
      "updated_workers": 24
    },
    "timestamp": "2025-08-16T17:50:07.838132+00:00"
  },
  {
    "event": {
      "event": "settings_reset",
      "clear_y": true,
      "reset_workers": true,
      "clear_history": true,
      "clear_x": false,
      "removed_y_files": 1,
      "updated_workers": 24
    },
    "timestamp": "2025-08-16T18:03:53.991408+00:00"
  },
  {
    "event": {
      "event": "settings_reset",
      "clear_y": false,
      "reset_workers": true,
      "clear_history": true,
      "clear_x": false,
      "removed_y_files": 0,
      "updated_workers": 24
    },
    "timestamp": "2025-08-16T18:04:23.843792+00:00"
  },
  {
    "event": {
      "event": "settings_reset",
      "clear_y": true,
      "reset_workers": true,
      "clear_history": true,
      "clear_x": false,
      "removed_y_files": 1,
      "updated_workers": 24
    },
    "timestamp": "2025-08-16T18:14:42.194654+00:00"
  },
  {
    "event": {
      "event": "settings_reset",
      "clear_y": false,
      "reset_workers": true,
      "clear_history": true,
      "clear_x": false,
      "removed_y_files": 0,
      "updated_workers": 24
    },
    "timestamp": "2025-08-16T18:17:57.338194+00:00"
  },
  {
    "event": {
      "event": "settings_reset",
      "clear_y": true,
      "reset_workers": true,
      "clear_history": true,
      "clear_x": false,
      "removed_y_files": 1,
      "updated_workers": 24
    },
    "timestamp": "2025-08-16T18:21:01.156709+00:00"
  },
  {
    "event": {
      "event": "settings_reset",
      "clear_y": true,
      "reset_workers": true,
      "clear_history": true,
      "clear_x": true,
      "removed_y_files": 1,
      "updated_workers": 24
    },
    "timestamp": "2025-08-16T18:39:23.461294+00:00"
  },
  {
    "event": {
      "event": "settings_reset",
      "clear_y": false,
      "reset_workers": true,
      "clear_history": true,
      "clear_x": false,
      "removed_y_files": 0,
      "updated_workers": 24
    },
    "timestamp": "2025-08-16T18:40:10.986093+00:00"
  },
  {
    "event": {
      "event": "settings_reset",
      "clear_y": true,
      "reset_workers": true,
      "clear_history": true,
      "clear_x": false,
      "removed_y_files": 1,
      "updated_workers": 24
    },
    "timestamp": "2025-08-16T18:42:16.451011+00:00"
  },
  {
    "event": {
      "event": "settings_reset",
      "clear_y": true,
      "reset_workers": true,
      "clear_history": true,
      "clear_x": false,
      "removed_y_files": 0,
      "updated_workers": 24
    },
    "timestamp": "2025-08-16T18:48:42.058708+00:00"
  },
  {
    "event": {
      "event": "settings_reset",
      "clear_y": false,
      "reset_workers": true,
      "clear_history": true,
      "clear_x": false,
      "removed_y_files": 0,
      "updated_workers": 24
    },
    "timestamp": "2025-08-16T18:48:55.415988+00:00"
  },
  {
    "event": {
      "event": "settings_reset",
      "clear_y": true,
      "reset_workers": true,
      "clear_history": true,
      "clear_x": false,
      "removed_y_files": 1,
      "updated_workers": 24
    },
    "timestamp": "2025-08-16T18:49:33.115982+00:00"
  },
  {
    "event": {
      "event": "settings_reset",
      "clear_y": false,
      "reset_workers": true,
      "clear_history": true,
      "clear_x": false,
      "removed_y_files": 0,
      "updated_workers": 24
    },
    "timestamp": "2025-08-16T18:51:13.651122+00:00"
  },
  {
    "event": {
      "event": "settings_reset",
      "clear_y": true,
      "reset_workers": true,
      "clear_history": true,
      "clear_x": false,
      "removed_y_files": 1,
      "updated_workers": 24
    },
    "timestamp": "2025-08-16T20:06:55.332332+00:00"
  },
  {
    "event": {
      "event": "settings_reset",
      "clear_y": false,
      "reset_workers": true,
      "clear_history": true,
      "clear_x": false,
      "removed_y_files": 0,
      "updated_workers": 24
    },
    "timestamp": "2025-08-16T20:09:43.004439+00:00"
  },
  {
    "event": {
      "event": "settings_reset",
      "clear_y": false,
      "reset_workers": true,
      "clear_history": true,
      "clear_x": false,
      "removed_y_files": 0,
      "updated_workers": 24
    },
    "timestamp": "2025-08-16T20:12:17.288878+00:00"
  },
  {
    "event": {
      "event": "settings_reset",
      "clear_y": false,
      "reset_workers": true,
      "clear_history": true,
      "clear_x": false,
      "removed_y_files": 0,
      "updated_workers": 24
    },
    "timestamp": "2025-08-16T20:12:38.641313+00:00"
  },
  {
    "event": {
      "event": "settings_reset",
      "clear_y": false,
      "reset_workers": true,
      "clear_history": true,
      "clear_x": false,
      "removed_y_files": 0,
      "updated_workers": 24
    },
    "timestamp": "2025-08-16T20:13:10.771578+00:00"
  },
  {
    "event": {
      "event": "settings_reset",
      "clear_y": false,
      "reset_workers": true,
      "clear_history": true,
      "clear_x": false,
      "removed_y_files": 0,
      "updated_workers": 24
    },
    "timestamp": "2025-08-16T20:13:33.731733+00:00"
  }
]