{
  "9597864": {
    "id": "9597864",
    "name": "יעל ויינשטיין",
    "updated_at": "2025-08-16T20:13:47.841087+00:00",
    "score": 17.0,
    "closing_interval": 3,
    "closing_history": [
      "2025-04-04",
      "2025-05-02",
      "2025-06-13",
      "2025-07-04"
    ],
    "required_closing_dates": [
      "2025-05-23"
    ],
    "optimal_closing_dates": [
      "2025-04-04",
      "2025-04-25",
      "2025-06-13",
      "2025-07-04"
    ],
    "weekends_home_owed": 0,
    "y_task_counts": {
      "Supervisor": 0,
      "C&N Driver": 22,
      "C&N Escort": 4,
      "Southern Driver": 12,
      "Southern Escort": 0
    }
  },
  "9168925": {
    "id": "9168925",
    "name": "דימה חלסטוב",
    "updated_at": "2025-08-16T20:13:47.841087+00:00",
    "score": 16.0,
    "closing_interval": 3,
    "closing_history": [
      "2025-05-16",
      "2025-05-30"
    ],
    "required_closing_dates": [
      "2025-04-18",
      "2025-06-20"
    ],
    "optimal_closing_dates": [
      "2025-05-09",
      "2025-05-30"
    ],
    "weekends_home_owed": 0,
    "y_task_counts": {
      "Supervisor": 0,
      "C&N Driver": 14,
      "C&N Escort": 8,
      "Southern Driver": 12,
      "Southern Escort": 0
    }
  },
  "9356189": {
    "id": "9356189",
    "name": "אנגלינה פרידלין",
    "updated_at": "2025-08-16T20:13:47.841087+00:00",
    "score": 15.5,
    "closing_interval": 3,
    "closing_history": [
      "2025-05-09",
      "2025-05-30",
      "2025-06-20"
    ],
    "required_closing_dates": [
      "2025-04-18"
    ],
    "optimal_closing_dates": [
      "2025-05-09",
      "2025-05-30",
      "2025-06-20"
    ],
    "weekends_home_owed": 0,
    "y_task_counts": {
      "Supervisor": 0,
      "C&N Driver": 0,
      "C&N Escort": 0,
      "Southern Driver": 32,
      "Southern Escort": 2
    }
  },
  "9051978": {
    "id": "9051978",
    "name": "ניקיטה סידורוביץ",
    "updated_at": "2025-08-16T20:13:47.841087+00:00",
    "score": 17.0,
    "closing_interval": 4,
    "closing_history": [
      "2025-05-23",
      "2025-07-04"
    ],
    "required_closing_dates": [
      "2025-04-18",
      "2025-05-16",
      "2025-06-06"
    ],
    "optimal_closing_dates": [
      "2025-07-04"
    ],
    "weekends_home_owed": 0,
    "y_task_counts": {
      "Supervisor": 0,
      "C&N Driver": 12,
      "C&N Escort": 6,
      "Southern Driver": 18,
      "Southern Escort": 0
    }
  },
  "9631934": {
    "id": "9631934",
    "name": "אושר טייב",
    "updated_at": "2025-08-16T20:13:47.841087+00:00",
    "score": 14.0,
    "closing_interval": 0,
    "closing_history": [],
    "required_closing_dates": [],
    "optimal_closing_dates": [
      "2025-04-04",
      "2025-04-18",
      "2025-05-02",
      "2025-05-16",
      "2025-05-30",
      "2025-06-13",
      "2025-06-27"
    ],
    "weekends_home_owed": 0,
    "y_task_counts": {
      "Supervisor": 0,
      "C&N Driver": 0,
      "C&N Escort": 0,
      "Southern Driver": 0,
      "Southern Escort": 28
    }
  },
  "8837802": {
    "id": "8837802",
    "name": "איילה אפריים",
    "updated_at": "2025-08-16T20:13:47.841087+00:00",
    "score": 16.0,
    "closing_interval": 4,
    "closing_history": [
      "2025-05-16",
      "2025-06-13"
    ],
    "required_closing_dates": [
      "2025-04-18"
    ],
    "optimal_closing_dates": [
      "2025-05-16",
      "2025-06-13"
    ],
    "weekends_home_owed": 0,
    "y_task_counts": {
      "Supervisor": 0,
      "C&N Driver": 14,
      "C&N Escort": 4,
      "Southern Driver": 16,
      "Southern Escort": 0
    }
  },
  "9386605": {
    "id": "9386605",
    "name": "נועה דרעי",
    "updated_at": "2025-08-16T20:13:47.841087+00:00",
    "score": 16.5,
    "closing_interval": 4,
    "closing_history": [
      "2025-04-11",
      "2025-05-30",
      "2025-06-27"
    ],
    "required_closing_dates": [
      "2025-05-02"
    ],
    "optimal_closing_dates": [
      "2025-04-04",
      "2025-05-30",
      "2025-06-27"
    ],
    "weekends_home_owed": 0,
    "y_task_counts": {
      "Supervisor": 0,
      "C&N Driver": 14,
      "C&N Escort": 10,
      "Southern Driver": 12,
      "Southern Escort": 0
    }
  },
  "9570530": {
    "id": "9570530",
    "name": "רואי כוכבי",
    "updated_at": "2025-08-16T20:13:47.841087+00:00",
    "score": 15.5,
    "closing_interval": 4,
    "closing_history": [
      "2025-04-18",
      "2025-05-09",
      "2025-06-06"
    ],
    "required_closing_dates": [
      "2025-04-11",
      "2025-06-20"
    ],
    "optimal_closing_dates": [
      "2025-05-09"
    ],
    "weekends_home_owed": 0,
    "y_task_counts": {
      "Supervisor": 0,
      "C&N Driver": 14,
      "C&N Escort": 6,
      "Southern Driver": 10,
      "Southern Escort": 4
    }
  },
  "9241047": {
    "id": "9241047",
    "name": "נתנאל פרסבורגר",
    "updated_at": "2025-08-16T20:13:47.841087+00:00",
    "score": 16.0,
    "closing_interval": 3,
    "closing_history": [
      "2025-04-11",
      "2025-04-25",
      "2025-05-16",
      "2025-06-27"
    ],
    "required_closing_dates": [
      "2025-06-06"
    ],
    "optimal_closing_dates": [
      "2025-04-04",
      "2025-04-25",
      "2025-05-16",
      "2025-06-27"
    ],
    "weekends_home_owed": 0,
    "y_task_counts": {
      "Supervisor": 0,
      "C&N Driver": 14,
      "C&N Escort": 6,
      "Southern Driver": 16,
      "Southern Escort": 0
    }
  },
  "9150226": {
    "id": "9150226",
    "name": "קארינה פפרליצה",
    "updated_at": "2025-08-16T20:13:47.841087+00:00",
    "score": 16.5,
    "closing_interval": 5,
    "closing_history": [
      "2025-04-25",
      "2025-05-16",
      "2025-06-20"
    ],
    "required_closing_dates": [
      "2025-04-11"
    ],
    "optimal_closing_dates": [
      "2025-05-16",
      "2025-06-20"
    ],
    "weekends_home_owed": 0,
    "y_task_counts": {
      "Supervisor": 28,
      "C&N Driver": 6,
      "C&N Escort": 0,
      "Southern Driver": 2,
      "Southern Escort": 0
    }
  },
  "9053378": {
    "id": "9053378",
    "name": "לינוי מונרדוס",
    "updated_at": "2025-08-16T20:13:47.841087+00:00",
    "score": 16.5,
    "closing_interval": 5,
    "closing_history": [
      "2025-04-04",
      "2025-05-09",
      "2025-06-20"
    ],
    "required_closing_dates": [],
    "optimal_closing_dates": [
      "2025-04-04",
      "2025-05-09",
      "2025-06-13"
    ],
    "weekends_home_owed": 0,
    "y_task_counts": {
      "Supervisor": 30,
      "C&N Driver": 2,
      "C&N Escort": 4,
      "Southern Driver": 0,
      "Southern Escort": 0
    }
  },
  "9617384": {
    "id": "9617384",
    "name": "אלין אלון",
    "updated_at": "2025-08-16T20:13:47.841087+00:00",
    "score": 16.0,
    "closing_interval": 2,
    "closing_history": [
      "2025-04-04",
      "2025-04-25",
      "2025-05-09",
      "2025-06-06",
      "2025-06-20",
      "2025-07-04"
    ],
    "required_closing_dates": [
      "2025-04-18",
      "2025-05-30"
    ],
    "optimal_closing_dates": [
      "2025-04-04",
      "2025-05-02",
      "2025-05-16",
      "2025-06-13",
      "2025-06-27"
    ],
    "weekends_home_owed": 0,
    "y_task_counts": {
      "Supervisor": 0,
      "C&N Driver": 0,
      "C&N Escort": 0,
      "Southern Driver": 0,
      "Southern Escort": 38
    }
  },
  "9434252": {
    "id": "9434252",
    "name": "דניאל פטקוב",
    "updated_at": "2025-08-16T20:13:47.841087+00:00",
    "score": 16.0,
    "closing_interval": 4,
    "closing_history": [
      "2025-04-18",
      "2025-05-02",
      "2025-06-06",
      "2025-06-27"
    ],
    "required_closing_dates": [
      "2025-05-30"
    ],
    "optimal_closing_dates": [
      "2025-04-04",
      "2025-05-02",
      "2025-06-27"
    ],
    "weekends_home_owed": 0,
    "y_task_counts": {
      "Supervisor": 0,
      "C&N Driver": 16,
      "C&N Escort": 8,
      "Southern Driver": 12,
      "Southern Escort": 0
    }
  },
  "9175557": {
    "id": "9175557",
    "name": "אייל נחושתן",
    "updated_at": "2025-08-16T20:13:47.841087+00:00",
    "score": 16.0,
    "closing_interval": 4,
    "closing_history": [
      "2025-05-02",
      "2025-06-27"
    ],
    "required_closing_dates": [
      "2025-04-04",
      "2025-05-30"
    ],
    "optimal_closing_dates": [
      "2025-05-02",
      "2025-06-27"
    ],
    "weekends_home_owed": 0,
    "y_task_counts": {
      "Supervisor": 0,
      "C&N Driver": 12,
      "C&N Escort": 6,
      "Southern Driver": 8,
      "Southern Escort": 8
    }
  },
  "9053851": {
    "id": "9053851",
    "name": "חן אטדגי",
    "updated_at": "2025-08-16T20:13:47.841087+00:00",
    "score": 17.5,
    "closing_interval": 3,
    "closing_history": [
      "2025-04-11",
      "2025-05-23",
      "2025-07-04"
    ],
    "required_closing_dates": [
      "2025-05-02",
      "2025-06-13"
    ],
    "optimal_closing_dates": [
      "2025-04-04",
      "2025-05-23",
      "2025-07-04"
    ],
    "weekends_home_owed": 0,
    "y_task_counts": {
      "Supervisor": 0,
      "C&N Driver": 0,
      "C&N Escort": 36,
      "Southern Driver": 0,
      "Southern Escort": 2
    }
  },
  "9127472": {
    "id": "9127472",
    "name": "רומן נפטלייב",
    "updated_at": "2025-08-16T20:13:47.841087+00:00",
    "score": 14.0,
    "closing_interval": 3,
    "closing_history": [
      "2025-04-11",
      "2025-04-25",
      "2025-05-23",
      "2025-06-13"
    ],
    "required_closing_dates": [
      "2025-05-09",
      "2025-07-04"
    ],
    "optimal_closing_dates": [
      "2025-04-04",
      "2025-04-25",
      "2025-05-30"
    ],
    "weekends_home_owed": 0,
    "y_task_counts": {
      "Supervisor": 0,
      "C&N Driver": 0,
      "C&N Escort": 22,
      "Southern Driver": 0,
      "Southern Escort": 10
    }
  },
  "9437517": {
    "id": "9437517",
    "name": "מליסה רופה",
    "updated_at": "2025-08-16T20:13:47.841087+00:00",
    "score": 15.5,
    "closing_interval": 3,
    "closing_history": [
      "2025-04-18",
      "2025-05-09",
      "2025-06-06"
    ],
    "required_closing_dates": [
      "2025-05-23",
      "2025-06-20"
    ],
    "optimal_closing_dates": [
      "2025-04-04",
      "2025-04-25"
    ],
    "weekends_home_owed": 0,
    "y_task_counts": {
      "Supervisor": 0,
      "C&N Driver": 0,
      "C&N Escort": 32,
      "Southern Driver": 0,
      "Southern Escort": 2
    }
  },
  "8837884": {
    "id": "8837884",
    "name": "לידר פנקר",
    "updated_at": "2025-08-16T20:13:47.841087+00:00",
    "score": 16.5,
    "closing_interval": 5,
    "closing_history": [
      "2025-04-04",
      "2025-05-23",
      "2025-06-13"
    ],
    "required_closing_dates": [],
    "optimal_closing_dates": [
      "2025-04-04",
      "2025-05-09",
      "2025-06-13"
    ],
    "weekends_home_owed": 0,
    "y_task_counts": {
      "Supervisor": 20,
      "C&N Driver": 4,
      "C&N Escort": 0,
      "Southern Driver": 6,
      "Southern Escort": 6
    }
  },
  "9518772": {
    "id": "9518772",
    "name": "תהילה טרנר",
    "updated_at": "2025-08-16T20:13:47.841087+00:00",
    "score": 15.0,
    "closing_interval": 0,
    "closing_history": [],
    "required_closing_dates": [
      "2025-05-09",
      "2025-06-20"
    ],
    "optimal_closing_dates": [
      "2025-04-04",
      "2025-04-18",
      "2025-05-23",
      "2025-06-06",
      "2025-07-04"
    ],
    "weekends_home_owed": 0,
    "y_task_counts": {
      "Supervisor": 0,
      "C&N Driver": 0,
      "C&N Escort": 0,
      "Southern Driver": 0,
      "Southern Escort": 30
    }
  },
  "9517593": {
    "id": "9517593",
    "name": "רבקה ארבינצר",
    "updated_at": "2025-08-16T20:13:47.841087+00:00",
    "score": 15.0,
    "closing_interval": 0,
    "closing_history": [],
    "required_closing_dates": [],
    "optimal_closing_dates": [
      "2025-04-04",
      "2025-04-18",
      "2025-05-02",
      "2025-05-16",
      "2025-05-30",
      "2025-06-13",
      "2025-06-27"
    ],
    "weekends_home_owed": 0,
    "y_task_counts": {
      "Supervisor": 0,
      "C&N Driver": 0,
      "C&N Escort": 0,
      "Southern Driver": 0,
      "Southern Escort": 30
    }
  },
  "8320845": {
    "id": "8320845",
    "name": "David",
    "updated_at": "2025-08-16T20:13:47.841087+00:00",
    "score": 17.0,
    "closing_interval": 2,
    "closing_history": [
      "2025-04-18",
      "2025-05-23",
      "2025-06-06",
      "2025-06-20"
    ],
    "required_closing_dates": [],
    "optimal_closing_dates": [
      "2025-04-04",
      "2025-04-18",
      "2025-05-02",
      "2025-05-16",
      "2025-05-30",
      "2025-06-13",
      "2025-06-27"
    ],
    "weekends_home_owed": 0,
    "y_task_counts": {
      "Supervisor": 26,
      "C&N Driver": 6,
      "C&N Escort": 4,
      "Southern Driver": 2,
      "Southern Escort": 0
    }
  },
  "1111111": {
    "id": "1111111",
    "name": "Vitalchik",
    "updated_at": "2025-08-16T20:13:47.841087+00:00",
    "score": 17.5,
    "closing_interval": 2,
    "closing_history": [
      "2025-04-04",
      "2025-04-18",
      "2025-05-02",
      "2025-05-16",
      "2025-05-30",
      "2025-06-13",
      "2025-07-04"
    ],
    "required_closing_dates": [],
    "optimal_closing_dates": [
      "2025-04-04",
      "2025-04-18",
      "2025-05-02",
      "2025-05-16",
      "2025-05-30",
      "2025-06-13",
      "2025-06-27"
    ],
    "weekends_home_owed": 0,
    "y_task_counts": {
      "Supervisor": 34,
      "C&N Driver": 0,
      "C&N Escort": 4,
      "Southern Driver": 0,
      "Southern Escort": 4
    }
  },
  "2222222": {
    "id": "2222222",
    "name": "Shlomo",
    "updated_at": "2025-08-16T20:13:47.841087+00:00",
    "score": 17.0,
    "closing_interval": 4,
    "closing_history": [
      "2025-04-11",
      "2025-05-02",
      "2025-05-30",
      "2025-06-27"
    ],
    "required_closing_dates": [],
    "optimal_closing_dates": [
      "2025-04-04",
      "2025-05-02",
      "2025-05-30",
      "2025-06-27"
    ],
    "weekends_home_owed": 0,
    "y_task_counts": {
      "Supervisor": 30,
      "C&N Driver": 2,
      "C&N Escort": 2,
      "Southern Driver": 0,
      "Southern Escort": 4
    }
  },
  "000000000": {
    "id": "000000000",
    "name": "ניר כהן",
    "updated_at": "2025-08-16T20:13:47.841087+00:00",
    "score": 15.5,
    "closing_interval": 3,
    "closing_history": [
      "2025-04-25"
    ],
    "required_closing_dates": [
      "2025-04-04",
      "2025-05-09",
      "2025-05-30",
      "2025-06-20"
    ],
    "optimal_closing_dates": [
      "2025-04-25"
    ],
    "weekends_home_owed": 0,
    "y_task_counts": {
      "Supervisor": 0,
      "C&N Driver": 16,
      "C&N Escort": 6,
      "Southern Driver": 10,
      "Southern Escort": 0
    }
  }
}