[
  {
    "id": "9597864",
    "name": "יעל ויינשטיין",
    "start_date": null,
    "qualifications": [
      "Southern Driver",
      "C&N Driver",
      "C&N Escort"
    ],
    "closing_interval": 3,
    "officer": false,
    "seniority": null,
    "score": 17.0,
    "long_timer": false,
    "x_tasks": {
      "05/01/2025": "Guarding Duties",
      "06/01/2025": "Guarding Duties",
      "07/01/2025": "Guarding Duties",
      "08/01/2025": "Guarding Duties",
      "09/01/2025": "Guarding Duties",
      "10/01/2025": "Guarding Duties",
      "11/01/2025": "Guarding Duties",
      "23/02/2025": "Kitchen",
      "24/02/2025": "Kitchen",
      "25/02/2025": "Kitchen",
      "26/02/2025": "Kitchen",
      "27/02/2025": "Kitchen",
      "28/02/2025": "Kitchen",
      "01/03/2025": "Kitchen",
      "23/03/2025": "Kitchen",
      "24/03/2025": "Kitchen",
      "25/03/2025": "Kitchen",
      "26/03/2025": "Kitchen",
      "27/03/2025": "Kitchen",
      "28/03/2025": "Kitchen",
      "29/03/2025": "Kitchen",
      "18/05/2025": "RASAR",
      "19/05/2025": "RASAR",
      "20/05/2025": "RASAR",
      "21/05/2025": "RASAR",
      "22/05/2025": "RASAR",
      "23/05/2025": "RASAR",
      "24/05/2025": "RASAR",
      "19/01/2025": "Guarding Duties",
      "20/01/2025": "Guarding Duties",
      "21/01/2025": "Guarding Duties",
      "22/01/2025": "Guarding Duties",
      "23/01/2025": "Guarding Duties",
      "24/01/2025": "Guarding Duties",
      "25/01/2025": "Guarding Duties"
    },
    "y_tasks": {
      "2025-04-03": "C&N Driver",
      "2025-04-04": "C&N Driver",
      "2025-04-05": "C&N Driver",
      "2025-04-15": "C&N Driver",
      "2025-04-29": "C&N Driver",
      "2025-05-25": "C&N Driver",
      "2025-06-03": "C&N Driver",
      "2025-06-09": "C&N Driver",
      "2025-06-12": "C&N Driver",
      "2025-06-13": "C&N Driver",
      "2025-06-14": "C&N Driver",
      "2025-07-03": "C&N Driver",
      "2025-07-04": "C&N Driver",
      "2025-07-05": "C&N Driver",
      "2025-04-22": "C&N Escort",
      "2025-05-26": "C&N Escort",
      "2025-04-13": "Southern Driver",
      "2025-05-01": "Southern Driver",
      "2025-05-02": "Southern Driver",
      "2025-05-03": "Southern Driver",
      "2025-05-13": "Southern Driver",
      "2025-06-23": "Southern Driver",
      "2025-06-30": "Southern Driver"
    },
    "closing_history": [
      "2025-04-04",
      "2025-05-02",
      "2025-06-13",
      "2025-07-04"
    ],
    "required_closing_dates": [
      "2025-05-23"
    ],
    "optimal_closing_dates": [
      "2025-04-04",
      "2025-04-25",
      "2025-06-13",
      "2025-07-04"
    ],
    "home_weeks_owed": 0,
    "weekends_home_owed": 0,
    "y_task_counts": {
      "Supervisor": 0,
      "C&N Driver": 22,
      "C&N Escort": 4,
      "Southern Driver": 12,
      "Southern Escort": 0
    },
    "x_task_count": 0,
    "y_task_count": 23,
    "closing_delta": 0
  },
  {
    "id": "9168925",
    "name": "דימה חלסטוב",
    "start_date": null,
    "qualifications": [
      "Southern Driver",
      "C&N Driver",
      "C&N Escort",
      "Southern Escort"
    ],
    "closing_interval": 3,
    "officer": false,
    "seniority": null,
    "score": 16.0,
    "long_timer": false,
    "x_tasks": {
      "05/01/2025": "RASAR",
      "06/01/2025": "RASAR",
      "07/01/2025": "RASAR",
      "08/01/2025": "RASAR",
      "09/01/2025": "RASAR",
      "10/01/2025": "RASAR",
      "11/01/2025": "RASAR",
      "13/04/2025": "Kitchen",
      "14/04/2025": "Kitchen",
      "15/04/2025": "Kitchen",
      "16/04/2025": "Kitchen",
      "17/04/2025": "Kitchen",
      "18/04/2025": "Kitchen",
      "19/04/2025": "Kitchen",
      "15/06/2025": "Kitchen",
      "16/06/2025": "Kitchen",
      "17/06/2025": "Kitchen",
      "18/06/2025": "Kitchen",
      "19/06/2025": "Kitchen",
      "20/06/2025": "Kitchen",
      "21/06/2025": "Kitchen",
      "26/01/2025": "Guarding Duties",
      "27/01/2025": "Guarding Duties",
      "28/01/2025": "Guarding Duties",
      "29/01/2025": "Guarding Duties",
      "30/01/2025": "Guarding Duties",
      "31/01/2025": "Guarding Duties",
      "01/02/2025": "Guarding Duties",
      "23/02/2025": "Guarding Duties",
      "24/02/2025": "Guarding Duties",
      "25/02/2025": "Guarding Duties",
      "26/02/2025": "Guarding Duties",
      "27/02/2025": "Guarding Duties",
      "28/02/2025": "Guarding Duties",
      "01/03/2025": "Guarding Duties"
    },
    "y_tasks": {
      "2025-04-01": "C&N Driver",
      "2025-04-22": "C&N Driver",
      "2025-04-28": "C&N Driver",
      "2025-05-27": "C&N Driver",
      "2025-05-29": "C&N Driver",
      "2025-05-30": "C&N Driver",
      "2025-05-31": "C&N Driver",
      "2025-06-23": "C&N Driver",
      "2025-04-20": "C&N Escort",
      "2025-05-13": "C&N Escort",
      "2025-05-15": "C&N Escort",
      "2025-05-16": "C&N Escort",
      "2025-05-17": "C&N Escort",
      "2025-04-08": "Southern Driver",
      "2025-04-30": "Southern Driver",
      "2025-05-07": "Southern Driver",
      "2025-06-11": "Southern Driver",
      "2025-06-29": "Southern Driver",
      "2025-07-01": "Southern Driver"
    },
    "closing_history": [
      "2025-05-16",
      "2025-05-30"
    ],
    "required_closing_dates": [
      "2025-04-18",
      "2025-06-20"
    ],
    "optimal_closing_dates": [
      "2025-05-09",
      "2025-05-30"
    ],
    "home_weeks_owed": 0,
    "weekends_home_owed": 0,
    "y_task_counts": {
      "Supervisor": 0,
      "C&N Driver": 14,
      "C&N Escort": 8,
      "Southern Driver": 12,
      "Southern Escort": 0
    },
    "x_task_count": 0,
    "y_task_count": 19,
    "closing_delta": 0
  },
  {
    "id": "9356189",
    "name": "אנגלינה פרידלין",
    "start_date": null,
    "qualifications": [
      "Southern Driver",
      "Southern Escort"
    ],
    "closing_interval": 3,
    "officer": false,
    "seniority": null,
    "score": 15.5,
    "long_timer": false,
    "x_tasks": {
      "19/01/2025": "RASAR",
      "20/01/2025": "RASAR",
      "21/01/2025": "RASAR",
      "22/01/2025": "RASAR",
      "23/01/2025": "RASAR",
      "24/01/2025": "RASAR",
      "25/01/2025": "RASAR",
      "02/03/2025": "Kitchen",
      "03/03/2025": "Kitchen",
      "04/03/2025": "Kitchen",
      "05/03/2025": "Kitchen",
      "06/03/2025": "Kitchen",
      "07/03/2025": "Kitchen",
      "08/03/2025": "Kitchen",
      "13/04/2025": "Guarding Duties",
      "14/04/2025": "Guarding Duties",
      "15/04/2025": "Guarding Duties",
      "16/04/2025": "Guarding Duties",
      "17/04/2025": "Guarding Duties",
      "18/04/2025": "Guarding Duties",
      "19/04/2025": "Guarding Duties"
    },
    "y_tasks": {
      "2025-04-09": "Southern Driver",
      "2025-04-21": "Southern Driver",
      "2025-04-22": "Southern Driver",
      "2025-04-28": "Southern Driver",
      "2025-05-04": "Southern Driver",
      "2025-05-08": "Southern Driver",
      "2025-05-09": "Southern Driver",
      "2025-05-10": "Southern Driver",
      "2025-05-19": "Southern Driver",
      "2025-05-25": "Southern Driver",
      "2025-05-29": "Southern Driver",
      "2025-05-30": "Southern Driver",
      "2025-05-31": "Southern Driver",
      "2025-06-09": "Southern Driver",
      "2025-06-15": "Southern Driver",
      "2025-06-18": "Southern Driver",
      "2025-06-19": "Southern Driver",
      "2025-06-20": "Southern Driver",
      "2025-06-21": "Southern Driver",
      "2025-04-01": "Southern Escort"
    },
    "closing_history": [
      "2025-05-09",
      "2025-05-30",
      "2025-06-20"
    ],
    "required_closing_dates": [
      "2025-04-18"
    ],
    "optimal_closing_dates": [
      "2025-05-09",
      "2025-05-30",
      "2025-06-20"
    ],
    "home_weeks_owed": 0,
    "weekends_home_owed": 0,
    "y_task_counts": {
      "Supervisor": 0,
      "C&N Driver": 0,
      "C&N Escort": 0,
      "Southern Driver": 32,
      "Southern Escort": 2
    },
    "x_task_count": 0,
    "y_task_count": 20,
    "closing_delta": 0
  },
  {
    "id": "9051978",
    "name": "ניקיטה סידורוביץ",
    "start_date": null,
    "qualifications": [
      "C&N Driver",
      "C&N Escort",
      "Southern Escort",
      "Southern Driver"
    ],
    "closing_interval": 4,
    "officer": false,
    "seniority": null,
    "score": 17.0,
    "long_timer": false,
    "x_tasks": {
      "23/02/2025": "RASAR",
      "24/02/2025": "RASAR",
      "25/02/2025": "RASAR",
      "26/02/2025": "RASAR",
      "27/02/2025": "RASAR",
      "28/02/2025": "RASAR",
      "01/03/2025": "RASAR",
      "16/03/2025": "Kitchen",
      "17/03/2025": "Kitchen",
      "18/03/2025": "Kitchen",
      "19/03/2025": "Kitchen",
      "20/03/2025": "Kitchen",
      "21/03/2025": "Kitchen",
      "22/03/2025": "Kitchen",
      "11/05/2025": "Guarding Duties",
      "12/05/2025": "Guarding Duties",
      "13/05/2025": "Guarding Duties",
      "14/05/2025": "Guarding Duties",
      "15/05/2025": "Guarding Duties",
      "16/05/2025": "Guarding Duties",
      "17/05/2025": "Guarding Duties",
      "01/06/2025": "Kitchen",
      "02/06/2025": "Kitchen",
      "03/06/2025": "Kitchen",
      "04/06/2025": "Kitchen",
      "05/06/2025": "Kitchen",
      "06/06/2025": "Kitchen",
      "07/06/2025": "Kitchen",
      "05/01/2025": "RASAR",
      "06/01/2025": "RASAR",
      "07/01/2025": "RASAR",
      "08/01/2025": "RASAR",
      "09/01/2025": "RASAR",
      "10/01/2025": "RASAR",
      "11/01/2025": "RASAR",
      "13/04/2025": "Guarding Duties",
      "14/04/2025": "Guarding Duties",
      "15/04/2025": "Guarding Duties",
      "16/04/2025": "Guarding Duties",
      "17/04/2025": "Guarding Duties",
      "18/04/2025": "Guarding Duties",
      "19/04/2025": "Guarding Duties"
    },
    "y_tasks": {
      "2025-03-31": "C&N Driver",
      "2025-04-21": "C&N Driver",
      "2025-04-30": "C&N Driver",
      "2025-05-07": "C&N Driver",
      "2025-05-18": "C&N Driver",
      "2025-06-11": "C&N Driver",
      "2025-04-06": "C&N Escort",
      "2025-05-20": "C&N Escort",
      "2025-06-30": "C&N Escort",
      "2025-04-20": "Southern Driver",
      "2025-04-27": "Southern Driver",
      "2025-05-22": "Southern Driver",
      "2025-05-23": "Southern Driver",
      "2025-05-24": "Southern Driver",
      "2025-06-08": "Southern Driver",
      "2025-06-17": "Southern Driver",
      "2025-06-25": "Southern Driver",
      "2025-07-03": "Southern Driver",
      "2025-07-04": "Southern Driver",
      "2025-07-05": "Southern Driver"
    },
    "closing_history": [
      "2025-05-23",
      "2025-07-04"
    ],
    "required_closing_dates": [
      "2025-04-18",
      "2025-05-16",
      "2025-06-06"
    ],
    "optimal_closing_dates": [
      "2025-07-04"
    ],
    "home_weeks_owed": 0,
    "weekends_home_owed": 0,
    "y_task_counts": {
      "Supervisor": 0,
      "C&N Driver": 12,
      "C&N Escort": 6,
      "Southern Driver": 18,
      "Southern Escort": 0
    },
    "x_task_count": 0,
    "y_task_count": 20,
    "closing_delta": 0
  },
  {
    "id": "9631934",
    "name": "אושר טייב",
    "start_date": null,
    "qualifications": [
      "Southern Escort"
    ],
    "closing_interval": 0,
    "officer": false,
    "seniority": null,
    "score": 14.0,
    "long_timer": false,
    "x_tasks": {},
    "y_tasks": {
      "2025-04-07": "Southern Escort",
      "2025-04-15": "Southern Escort",
      "2025-04-22": "Southern Escort",
      "2025-04-29": "Southern Escort",
      "2025-05-04": "Southern Escort",
      "2025-05-07": "Southern Escort",
      "2025-05-18": "Southern Escort",
      "2025-05-21": "Southern Escort",
      "2025-05-27": "Southern Escort",
      "2025-06-04": "Southern Escort",
      "2025-06-10": "Southern Escort",
      "2025-06-16": "Southern Escort",
      "2025-06-24": "Southern Escort",
      "2025-06-30": "Southern Escort"
    },
    "closing_history": [],
    "required_closing_dates": [],
    "optimal_closing_dates": [
      "2025-04-04",
      "2025-04-18",
      "2025-05-02",
      "2025-05-16",
      "2025-05-30",
      "2025-06-13",
      "2025-06-27"
    ],
    "home_weeks_owed": 0,
    "weekends_home_owed": 0,
    "y_task_counts": {
      "Supervisor": 0,
      "C&N Driver": 0,
      "C&N Escort": 0,
      "Southern Driver": 0,
      "Southern Escort": 28
    },
    "x_task_count": 0,
    "y_task_count": 14,
    "closing_delta": 0
  },
  {
    "id": "8837802",
    "name": "איילה אפריים",
    "start_date": null,
    "qualifications": [
      "Southern Driver",
      "C&N Driver",
      "Southern Escort",
      "C&N Escort"
    ],
    "closing_interval": 4,
    "officer": false,
    "seniority": null,
    "score": 16.0,
    "long_timer": false,
    "x_tasks": {
      "05/01/2025": "Guarding Duties",
      "06/01/2025": "Guarding Duties",
      "07/01/2025": "Guarding Duties",
      "08/01/2025": "Guarding Duties",
      "09/01/2025": "Guarding Duties",
      "10/01/2025": "Guarding Duties",
      "11/01/2025": "Guarding Duties",
      "02/03/2025": "Guarding Duties",
      "03/03/2025": "Guarding Duties",
      "04/03/2025": "Guarding Duties",
      "05/03/2025": "Guarding Duties",
      "06/03/2025": "Guarding Duties",
      "07/03/2025": "Guarding Duties",
      "08/03/2025": "Guarding Duties",
      "13/04/2025": "Guarding Duties",
      "14/04/2025": "Guarding Duties",
      "15/04/2025": "Guarding Duties",
      "16/04/2025": "Guarding Duties",
      "17/04/2025": "Guarding Duties",
      "18/04/2025": "Guarding Duties",
      "19/04/2025": "Guarding Duties",
      "02/02/2025": "Guarding Duties",
      "03/02/2025": "Guarding Duties",
      "04/02/2025": "Guarding Duties",
      "05/02/2025": "Guarding Duties",
      "06/02/2025": "Guarding Duties",
      "07/02/2025": "Guarding Duties",
      "08/02/2025": "Guarding Duties"
    },
    "y_tasks": {
      "2025-04-07": "C&N Driver",
      "2025-04-20": "C&N Driver",
      "2025-04-27": "C&N Driver",
      "2025-05-14": "C&N Driver",
      "2025-06-10": "C&N Driver",
      "2025-06-29": "C&N Driver",
      "2025-07-02": "C&N Driver",
      "2025-03-30": "C&N Escort",
      "2025-04-21": "C&N Escort",
      "2025-04-29": "Southern Driver",
      "2025-05-06": "Southern Driver",
      "2025-05-15": "Southern Driver",
      "2025-05-16": "Southern Driver",
      "2025-05-17": "Southern Driver",
      "2025-05-28": "Southern Driver",
      "2025-06-04": "Southern Driver",
      "2025-06-12": "Southern Driver",
      "2025-06-13": "Southern Driver",
      "2025-06-14": "Southern Driver"
    },
    "closing_history": [
      "2025-05-16",
      "2025-06-13"
    ],
    "required_closing_dates": [
      "2025-04-18"
    ],
    "optimal_closing_dates": [
      "2025-05-16",
      "2025-06-13"
    ],
    "home_weeks_owed": 0,
    "weekends_home_owed": 0,
    "y_task_counts": {
      "Supervisor": 0,
      "C&N Driver": 14,
      "C&N Escort": 4,
      "Southern Driver": 16,
      "Southern Escort": 0
    },
    "x_task_count": 0,
    "y_task_count": 19,
    "closing_delta": 0
  },
  {
    "id": "9386605",
    "name": "נועה דרעי",
    "start_date": null,
    "qualifications": [
      "Southern Driver",
      "Southern Escort",
      "C&N Driver",
      "C&N Escort"
    ],
    "closing_interval": 4,
    "officer": false,
    "seniority": null,
    "score": 16.5,
    "long_timer": false,
    "x_tasks": {
      "26/01/2025": "Guarding Duties",
      "27/01/2025": "Guarding Duties",
      "28/01/2025": "Guarding Duties",
      "29/01/2025": "Guarding Duties",
      "30/01/2025": "Guarding Duties",
      "31/01/2025": "Guarding Duties",
      "01/02/2025": "Guarding Duties",
      "27/04/2025": "RASAR",
      "28/04/2025": "RASAR",
      "29/04/2025": "RASAR",
      "30/04/2025": "RASAR",
      "01/05/2025": "RASAR",
      "02/05/2025": "RASAR",
      "03/05/2025": "RASAR",
      "23/02/2025": "Kitchen",
      "24/02/2025": "Kitchen",
      "25/02/2025": "Kitchen",
      "26/02/2025": "Kitchen",
      "27/02/2025": "Kitchen",
      "28/02/2025": "Kitchen",
      "01/03/2025": "Kitchen",
      "23/03/2025": "Guarding Duties",
      "24/03/2025": "Guarding Duties",
      "25/03/2025": "Guarding Duties",
      "26/03/2025": "Guarding Duties",
      "27/03/2025": "Guarding Duties",
      "28/03/2025": "Guarding Duties",
      "29/03/2025": "Guarding Duties"
    },
    "y_tasks": {
      "2025-04-09": "C&N Driver",
      "2025-05-04": "C&N Driver",
      "2025-05-21": "C&N Driver",
      "2025-05-28": "C&N Driver",
      "2025-06-15": "C&N Driver",
      "2025-06-26": "C&N Driver",
      "2025-06-27": "C&N Driver",
      "2025-06-28": "C&N Driver",
      "2025-04-01": "C&N Escort",
      "2025-05-18": "C&N Escort",
      "2025-05-29": "C&N Escort",
      "2025-05-30": "C&N Escort",
      "2025-05-31": "C&N Escort",
      "2025-06-17": "C&N Escort",
      "2025-04-10": "Southern Driver",
      "2025-04-11": "Southern Driver",
      "2025-04-12": "Southern Driver",
      "2025-04-23": "Southern Driver",
      "2025-05-05": "Southern Driver",
      "2025-05-11": "Southern Driver",
      "2025-07-02": "Southern Driver"
    },
    "closing_history": [
      "2025-04-11",
      "2025-05-30",
      "2025-06-27"
    ],
    "required_closing_dates": [
      "2025-05-02"
    ],
    "optimal_closing_dates": [
      "2025-04-04",
      "2025-05-30",
      "2025-06-27"
    ],
    "home_weeks_owed": 0,
    "weekends_home_owed": 0,
    "y_task_counts": {
      "Supervisor": 0,
      "C&N Driver": 14,
      "C&N Escort": 10,
      "Southern Driver": 12,
      "Southern Escort": 0
    },
    "x_task_count": 0,
    "y_task_count": 21,
    "closing_delta": 0
  },
  {
    "id": "9570530",
    "name": "רואי כוכבי",
    "start_date": null,
    "qualifications": [
      "Southern Driver",
      "C&N Driver",
      "C&N Escort",
      "Southern Escort"
    ],
    "closing_interval": 4,
    "officer": false,
    "seniority": null,
    "score": 15.5,
    "long_timer": false,
    "x_tasks": {
      "12/01/2025": "Kitchen",
      "13/01/2025": "Kitchen",
      "14/01/2025": "Kitchen",
      "15/01/2025": "Kitchen",
      "16/01/2025": "Kitchen",
      "17/01/2025": "Kitchen",
      "18/01/2025": "Kitchen",
      "06/04/2025": "Kitchen",
      "07/04/2025": "Kitchen",
      "08/04/2025": "Kitchen",
      "09/04/2025": "Kitchen",
      "10/04/2025": "Kitchen",
      "11/04/2025": "Kitchen",
      "12/04/2025": "Kitchen",
      "15/06/2025": "RASAR",
      "16/06/2025": "RASAR",
      "17/06/2025": "RASAR",
      "18/06/2025": "RASAR",
      "19/06/2025": "RASAR",
      "20/06/2025": "RASAR",
      "21/06/2025": "RASAR"
    },
    "y_tasks": {
      "2025-04-13": "C&N Driver",
      "2025-05-05": "C&N Driver",
      "2025-05-08": "C&N Driver",
      "2025-05-09": "C&N Driver",
      "2025-05-10": "C&N Driver",
      "2025-06-22": "C&N Driver",
      "2025-06-24": "C&N Driver",
      "2025-06-30": "C&N Driver",
      "2025-04-14": "C&N Escort",
      "2025-04-28": "C&N Escort",
      "2025-06-02": "C&N Escort",
      "2025-04-02": "Southern Driver",
      "2025-05-20": "Southern Driver",
      "2025-05-26": "Southern Driver",
      "2025-06-05": "Southern Driver",
      "2025-06-06": "Southern Driver",
      "2025-06-07": "Southern Driver",
      "2025-04-17": "Southern Escort",
      "2025-04-18": "Southern Escort",
      "2025-04-19": "Southern Escort"
    },
    "closing_history": [
      "2025-04-18",
      "2025-05-09",
      "2025-06-06"
    ],
    "required_closing_dates": [
      "2025-04-11",
      "2025-06-20"
    ],
    "optimal_closing_dates": [
      "2025-05-09"
    ],
    "home_weeks_owed": 0,
    "weekends_home_owed": 0,
    "y_task_counts": {
      "Supervisor": 0,
      "C&N Driver": 14,
      "C&N Escort": 6,
      "Southern Driver": 10,
      "Southern Escort": 4
    },
    "x_task_count": 0,
    "y_task_count": 20,
    "closing_delta": 0
  },
  {
    "id": "9241047",
    "name": "נתנאל פרסבורגר",
    "start_date": null,
    "qualifications": [
      "Southern Driver",
      "Southern Escort",
      "C&N Driver",
      "C&N Escort"
    ],
    "closing_interval": 3,
    "officer": false,
    "seniority": null,
    "score": 16.0,
    "long_timer": false,
    "x_tasks": {
      "26/01/2025": "RASAR",
      "27/01/2025": "RASAR",
      "28/01/2025": "RASAR",
      "29/01/2025": "RASAR",
      "30/01/2025": "RASAR",
      "31/01/2025": "RASAR",
      "01/02/2025": "RASAR",
      "23/03/2025": "Kitchen",
      "24/03/2025": "Kitchen",
      "25/03/2025": "Kitchen",
      "26/03/2025": "Kitchen",
      "27/03/2025": "Kitchen",
      "28/03/2025": "Kitchen",
      "29/03/2025": "Kitchen",
      "01/06/2025": "Kitchen",
      "02/06/2025": "Kitchen",
      "03/06/2025": "Kitchen",
      "04/06/2025": "Kitchen",
      "05/06/2025": "Kitchen",
      "06/06/2025": "Kitchen",
      "07/06/2025": "Kitchen",
      "05/01/2025": "RASAR",
      "06/01/2025": "RASAR",
      "07/01/2025": "RASAR",
      "08/01/2025": "RASAR",
      "09/01/2025": "RASAR",
      "10/01/2025": "RASAR",
      "11/01/2025": "RASAR",
      "23/02/2025": "Kitchen",
      "24/02/2025": "Kitchen",
      "25/02/2025": "Kitchen",
      "26/02/2025": "Kitchen",
      "27/02/2025": "Kitchen",
      "28/02/2025": "Kitchen",
      "01/03/2025": "Kitchen"
    },
    "y_tasks": {
      "2025-04-10": "C&N Driver",
      "2025-04-11": "C&N Driver",
      "2025-04-12": "C&N Driver",
      "2025-04-23": "C&N Driver",
      "2025-05-06": "C&N Driver",
      "2025-05-15": "C&N Driver",
      "2025-05-16": "C&N Driver",
      "2025-05-17": "C&N Driver",
      "2025-06-08": "C&N Driver",
      "2025-04-08": "C&N Escort",
      "2025-06-09": "C&N Escort",
      "2025-06-23": "C&N Escort",
      "2025-04-01": "Southern Driver",
      "2025-04-24": "Southern Driver",
      "2025-04-25": "Southern Driver",
      "2025-04-26": "Southern Driver",
      "2025-05-12": "Southern Driver",
      "2025-05-27": "Southern Driver",
      "2025-06-16": "Southern Driver",
      "2025-06-26": "Southern Driver",
      "2025-06-27": "Southern Driver",
      "2025-06-28": "Southern Driver"
    },
    "closing_history": [
      "2025-04-11",
      "2025-04-25",
      "2025-05-16",
      "2025-06-27"
    ],
    "required_closing_dates": [
      "2025-06-06"
    ],
    "optimal_closing_dates": [
      "2025-04-04",
      "2025-04-25",
      "2025-05-16",
      "2025-06-27"
    ],
    "home_weeks_owed": 0,
    "weekends_home_owed": 0,
    "y_task_counts": {
      "Supervisor": 0,
      "C&N Driver": 14,
      "C&N Escort": 6,
      "Southern Driver": 16,
      "Southern Escort": 0
    },
    "x_task_count": 0,
    "y_task_count": 22,
    "closing_delta": 0
  },
  {
    "id": "9150226",
    "name": "קארינה פפרליצה",
    "start_date": null,
    "qualifications": [
      "C&N Driver",
      "Southern Escort",
      "C&N Escort",
      "Supervisor",
      "Southern Driver"
    ],
    "closing_interval": 5,
    "officer": false,
    "seniority": null,
    "score": 16.5,
    "long_timer": false,
    "x_tasks": {
      "06/04/2025": "Guarding Duties",
      "07/04/2025": "Guarding Duties",
      "08/04/2025": "Guarding Duties",
      "09/04/2025": "Guarding Duties",
      "10/04/2025": "Guarding Duties",
      "11/04/2025": "Guarding Duties",
      "12/04/2025": "Guarding Duties",
      "05/01/2025": "Guarding Duties",
      "06/01/2025": "Guarding Duties",
      "07/01/2025": "Guarding Duties",
      "08/01/2025": "Guarding Duties",
      "09/01/2025": "Guarding Duties",
      "10/01/2025": "Guarding Duties",
      "11/01/2025": "Guarding Duties",
      "16/02/2025": "Kitchen",
      "17/02/2025": "Kitchen",
      "18/02/2025": "Kitchen",
      "19/02/2025": "Kitchen",
      "20/02/2025": "Kitchen",
      "21/02/2025": "Kitchen",
      "22/02/2025": "Kitchen"
    },
    "y_tasks": {
      "2025-04-13": "Supervisor",
      "2025-04-14": "Supervisor",
      "2025-04-22": "Supervisor",
      "2025-04-24": "Supervisor",
      "2025-04-25": "Supervisor",
      "2025-04-26": "Supervisor",
      "2025-05-11": "Supervisor",
      "2025-05-15": "Supervisor",
      "2025-05-16": "Supervisor",
      "2025-05-17": "Supervisor",
      "2025-05-25": "Supervisor",
      "2025-06-01": "Supervisor",
      "2025-06-08": "Supervisor",
      "2025-06-11": "Supervisor",
      "2025-06-17": "Supervisor",
      "2025-06-30": "Supervisor",
      "2025-04-16": "C&N Driver",
      "2025-06-19": "C&N Driver",
      "2025-06-20": "C&N Driver",
      "2025-06-21": "C&N Driver",
      "2025-03-31": "Southern Driver"
    },
    "closing_history": [
      "2025-04-25",
      "2025-05-16",
      "2025-06-20"
    ],
    "required_closing_dates": [
      "2025-04-11"
    ],
    "optimal_closing_dates": [
      "2025-05-16",
      "2025-06-20"
    ],
    "home_weeks_owed": 0,
    "weekends_home_owed": 0,
    "y_task_counts": {
      "Supervisor": 28,
      "C&N Driver": 6,
      "C&N Escort": 0,
      "Southern Driver": 2,
      "Southern Escort": 0
    },
    "x_task_count": 0,
    "y_task_count": 21,
    "closing_delta": 0
  },
  {
    "id": "9053378",
    "name": "לינוי מונרדוס",
    "start_date": null,
    "qualifications": [
      "Southern Driver",
      "C&N Driver",
      "Supervisor",
      "C&N Escort",
      "Southern Escort"
    ],
    "closing_interval": 5,
    "officer": false,
    "seniority": null,
    "score": 16.5,
    "long_timer": false,
    "x_tasks": {
      "05/01/2025": "Guarding Duties",
      "06/01/2025": "Guarding Duties",
      "07/01/2025": "Guarding Duties",
      "08/01/2025": "Guarding Duties",
      "09/01/2025": "Guarding Duties",
      "10/01/2025": "Guarding Duties",
      "11/01/2025": "Guarding Duties"
    },
    "y_tasks": {
      "2025-03-31": "Supervisor",
      "2025-04-09": "Supervisor",
      "2025-04-21": "Supervisor",
      "2025-04-28": "Supervisor",
      "2025-05-05": "Supervisor",
      "2025-05-08": "Supervisor",
      "2025-05-09": "Supervisor",
      "2025-05-10": "Supervisor",
      "2025-05-19": "Supervisor",
      "2025-05-28": "Supervisor",
      "2025-06-04": "Supervisor",
      "2025-06-10": "Supervisor",
      "2025-06-16": "Supervisor",
      "2025-06-19": "Supervisor",
      "2025-06-20": "Supervisor",
      "2025-06-21": "Supervisor",
      "2025-07-01": "Supervisor",
      "2025-05-26": "C&N Driver",
      "2025-04-03": "C&N Escort",
      "2025-04-04": "C&N Escort",
      "2025-04-05": "C&N Escort"
    },
    "closing_history": [
      "2025-04-04",
      "2025-05-09",
      "2025-06-20"
    ],
    "required_closing_dates": [],
    "optimal_closing_dates": [
      "2025-04-04",
      "2025-05-09",
      "2025-06-13"
    ],
    "home_weeks_owed": 0,
    "weekends_home_owed": 0,
    "y_task_counts": {
      "Supervisor": 30,
      "C&N Driver": 2,
      "C&N Escort": 4,
      "Southern Driver": 0,
      "Southern Escort": 0
    },
    "x_task_count": 0,
    "y_task_count": 21,
    "closing_delta": 0
  },
  {
    "id": "9617384",
    "name": "אלין אלון",
    "start_date": null,
    "qualifications": [
      "Southern Escort"
    ],
    "closing_interval": 2,
    "officer": false,
    "seniority": null,
    "score": 16.0,
    "long_timer": false,
    "x_tasks": {
      "05/01/2025": "RASAR",
      "06/01/2025": "RASAR",
      "07/01/2025": "RASAR",
      "08/01/2025": "RASAR",
      "09/01/2025": "RASAR",
      "10/01/2025": "RASAR",
      "11/01/2025": "RASAR",
      "19/01/2025": "RASAR",
      "20/01/2025": "RASAR",
      "21/01/2025": "RASAR",
      "22/01/2025": "RASAR",
      "23/01/2025": "RASAR",
      "24/01/2025": "RASAR",
      "25/01/2025": "RASAR",
      "02/03/2025": "Kitchen",
      "03/03/2025": "Kitchen",
      "04/03/2025": "Kitchen",
      "05/03/2025": "Kitchen",
      "06/03/2025": "Kitchen",
      "07/03/2025": "Kitchen",
      "08/03/2025": "Kitchen",
      "13/04/2025": "Guarding Duties",
      "14/04/2025": "Guarding Duties",
      "15/04/2025": "Guarding Duties",
      "16/04/2025": "Guarding Duties",
      "17/04/2025": "Guarding Duties",
      "18/04/2025": "Guarding Duties",
      "19/04/2025": "Guarding Duties",
      "25/05/2025": "Guarding Duties",
      "26/05/2025": "Guarding Duties",
      "27/05/2025": "Guarding Duties",
      "28/05/2025": "Guarding Duties",
      "29/05/2025": "Guarding Duties",
      "30/05/2025": "Guarding Duties",
      "31/05/2025": "Guarding Duties"
    },
    "y_tasks": {
      "2025-04-03": "Southern Escort",
      "2025-04-04": "Southern Escort",
      "2025-04-05": "Southern Escort",
      "2025-04-20": "Southern Escort",
      "2025-04-23": "Southern Escort",
      "2025-04-24": "Southern Escort",
      "2025-04-25": "Southern Escort",
      "2025-04-26": "Southern Escort",
      "2025-05-05": "Southern Escort",
      "2025-05-08": "Southern Escort",
      "2025-05-09": "Southern Escort",
      "2025-05-10": "Southern Escort",
      "2025-06-01": "Southern Escort",
      "2025-06-02": "Southern Escort",
      "2025-06-05": "Southern Escort",
      "2025-06-06": "Southern Escort",
      "2025-06-07": "Southern Escort",
      "2025-06-11": "Southern Escort",
      "2025-06-17": "Southern Escort",
      "2025-06-19": "Southern Escort",
      "2025-06-20": "Southern Escort",
      "2025-06-21": "Southern Escort",
      "2025-07-03": "Southern Escort",
      "2025-07-04": "Southern Escort",
      "2025-07-05": "Southern Escort"
    },
    "closing_history": [
      "2025-04-04",
      "2025-04-25",
      "2025-05-09",
      "2025-06-06",
      "2025-06-20",
      "2025-07-04"
    ],
    "required_closing_dates": [
      "2025-04-18",
      "2025-05-30"
    ],
    "optimal_closing_dates": [
      "2025-04-04",
      "2025-05-02",
      "2025-05-16",
      "2025-06-13",
      "2025-06-27"
    ],
    "home_weeks_owed": 0,
    "weekends_home_owed": 0,
    "y_task_counts": {
      "Supervisor": 0,
      "C&N Driver": 0,
      "C&N Escort": 0,
      "Southern Driver": 0,
      "Southern Escort": 38
    },
    "x_task_count": 0,
    "y_task_count": 25,
    "closing_delta": 0
  },
  {
    "id": "9434252",
    "name": "דניאל פטקוב",
    "start_date": null,
    "qualifications": [
      "Southern Driver",
      "C&N Driver",
      "Southern Escort",
      "C&N Escort"
    ],
    "closing_interval": 4,
    "officer": false,
    "seniority": null,
    "score": 16.0,
    "long_timer": false,
    "x_tasks": {
      "02/02/2025": "Guarding Duties",
      "03/02/2025": "Guarding Duties",
      "04/02/2025": "Guarding Duties",
      "05/02/2025": "Guarding Duties",
      "06/02/2025": "Guarding Duties",
      "07/02/2025": "Guarding Duties",
      "08/02/2025": "Guarding Duties",
      "16/03/2025": "Guarding Duties",
      "17/03/2025": "Guarding Duties",
      "18/03/2025": "Guarding Duties",
      "19/03/2025": "Guarding Duties",
      "20/03/2025": "Guarding Duties",
      "21/03/2025": "Guarding Duties",
      "22/03/2025": "Guarding Duties",
      "25/05/2025": "Kitchen",
      "26/05/2025": "Kitchen",
      "27/05/2025": "Kitchen",
      "28/05/2025": "Kitchen",
      "29/05/2025": "Kitchen",
      "30/05/2025": "Kitchen",
      "31/05/2025": "Kitchen",
      "05/01/2025": "RASAR",
      "06/01/2025": "RASAR",
      "07/01/2025": "RASAR",
      "08/01/2025": "RASAR",
      "09/01/2025": "RASAR",
      "10/01/2025": "RASAR",
      "11/01/2025": "RASAR"
    },
    "y_tasks": {
      "2025-04-02": "C&N Driver",
      "2025-05-01": "C&N Driver",
      "2025-05-02": "C&N Driver",
      "2025-05-03": "C&N Driver",
      "2025-05-13": "C&N Driver",
      "2025-05-20": "C&N Driver",
      "2025-06-05": "C&N Driver",
      "2025-06-06": "C&N Driver",
      "2025-06-07": "C&N Driver",
      "2025-06-17": "C&N Driver",
      "2025-04-09": "C&N Escort",
      "2025-04-16": "C&N Escort",
      "2025-06-26": "C&N Escort",
      "2025-06-27": "C&N Escort",
      "2025-06-28": "C&N Escort",
      "2025-04-14": "Southern Driver",
      "2025-04-17": "Southern Driver",
      "2025-04-18": "Southern Driver",
      "2025-04-19": "Southern Driver",
      "2025-06-01": "Southern Driver",
      "2025-06-02": "Southern Driver",
      "2025-06-24": "Southern Driver"
    },
    "closing_history": [
      "2025-04-18",
      "2025-05-02",
      "2025-06-06",
      "2025-06-27"
    ],
    "required_closing_dates": [
      "2025-05-30"
    ],
    "optimal_closing_dates": [
      "2025-04-04",
      "2025-05-02",
      "2025-06-27"
    ],
    "home_weeks_owed": 0,
    "weekends_home_owed": 0,
    "y_task_counts": {
      "Supervisor": 0,
      "C&N Driver": 16,
      "C&N Escort": 8,
      "Southern Driver": 12,
      "Southern Escort": 0
    },
    "x_task_count": 0,
    "y_task_count": 22,
    "closing_delta": 0
  },
  {
    "id": "9175557",
    "name": "אייל נחושתן",
    "start_date": null,
    "qualifications": [
      "Southern Driver",
      "C&N Driver",
      "C&N Escort",
      "Southern Escort"
    ],
    "closing_interval": 4,
    "officer": false,
    "seniority": null,
    "score": 16.0,
    "long_timer": false,
    "x_tasks": {
      "12/01/2025": "RASAR",
      "13/01/2025": "RASAR",
      "14/01/2025": "RASAR",
      "15/01/2025": "RASAR",
      "16/01/2025": "RASAR",
      "17/01/2025": "RASAR",
      "18/01/2025": "RASAR",
      "30/03/2025": "RASAR",
      "31/03/2025": "RASAR",
      "01/04/2025": "RASAR",
      "02/04/2025": "RASAR",
      "03/04/2025": "RASAR",
      "04/04/2025": "RASAR",
      "05/04/2025": "RASAR",
      "25/05/2025": "Guarding Duties",
      "26/05/2025": "Guarding Duties",
      "27/05/2025": "Guarding Duties",
      "28/05/2025": "Guarding Duties",
      "29/05/2025": "Guarding Duties",
      "30/05/2025": "Guarding Duties",
      "31/05/2025": "Guarding Duties",
      "16/02/2025": "Kitchen",
      "17/02/2025": "Kitchen",
      "18/02/2025": "Kitchen",
      "19/02/2025": "Kitchen",
      "20/02/2025": "Kitchen",
      "21/02/2025": "Kitchen",
      "22/02/2025": "Kitchen",
      "09/03/2025": "Kitchen",
      "10/03/2025": "Kitchen",
      "11/03/2025": "Kitchen",
      "12/03/2025": "Kitchen",
      "13/03/2025": "Kitchen",
      "14/03/2025": "Kitchen",
      "15/03/2025": "Kitchen"
    },
    "y_tasks": {
      "2025-04-08": "C&N Driver",
      "2025-04-14": "C&N Driver",
      "2025-05-19": "C&N Driver",
      "2025-06-04": "C&N Driver",
      "2025-06-16": "C&N Driver",
      "2025-06-25": "C&N Driver",
      "2025-04-27": "C&N Escort",
      "2025-04-30": "C&N Escort",
      "2025-06-01": "C&N Escort",
      "2025-04-06": "Southern Driver",
      "2025-04-16": "Southern Driver",
      "2025-05-21": "Southern Driver",
      "2025-06-10": "Southern Driver",
      "2025-05-01": "Southern Escort",
      "2025-05-02": "Southern Escort",
      "2025-05-03": "Southern Escort",
      "2025-06-26": "Southern Escort",
      "2025-06-27": "Southern Escort",
      "2025-06-28": "Southern Escort"
    },
    "closing_history": [
      "2025-05-02",
      "2025-06-27"
    ],
    "required_closing_dates": [
      "2025-04-04",
      "2025-05-30"
    ],
    "optimal_closing_dates": [
      "2025-05-02",
      "2025-06-27"
    ],
    "home_weeks_owed": 0,
    "weekends_home_owed": 0,
    "y_task_counts": {
      "Supervisor": 0,
      "C&N Driver": 12,
      "C&N Escort": 6,
      "Southern Driver": 8,
      "Southern Escort": 8
    },
    "x_task_count": 0,
    "y_task_count": 19,
    "closing_delta": 0
  },
  {
    "id": "9053851",
    "name": "חן אטדגי",
    "start_date": null,
    "qualifications": [
      "C&N Escort",
      "Southern Escort"
    ],
    "closing_interval": 3,
    "officer": false,
    "seniority": null,
    "score": 17.5,
    "long_timer": false,
    "x_tasks": {
      "26/01/2025": "Guarding Duties",
      "27/01/2025": "Guarding Duties",
      "28/01/2025": "Guarding Duties",
      "29/01/2025": "Guarding Duties",
      "30/01/2025": "Guarding Duties",
      "31/01/2025": "Guarding Duties",
      "01/02/2025": "Guarding Duties",
      "27/04/2025": "Guarding Duties",
      "28/04/2025": "Guarding Duties",
      "29/04/2025": "Guarding Duties",
      "30/04/2025": "Guarding Duties",
      "01/05/2025": "Guarding Duties",
      "02/05/2025": "Guarding Duties",
      "03/05/2025": "Guarding Duties",
      "08/06/2025": "RASAR",
      "09/06/2025": "RASAR",
      "10/06/2025": "RASAR",
      "11/06/2025": "RASAR",
      "12/06/2025": "RASAR",
      "13/06/2025": "RASAR",
      "14/06/2025": "RASAR",
      "05/01/2025": "Guarding Duties",
      "06/01/2025": "Guarding Duties",
      "07/01/2025": "Guarding Duties",
      "08/01/2025": "Guarding Duties",
      "09/01/2025": "Guarding Duties",
      "10/01/2025": "Guarding Duties",
      "11/01/2025": "Guarding Duties"
    },
    "y_tasks": {
      "2025-03-31": "C&N Escort",
      "2025-04-10": "C&N Escort",
      "2025-04-11": "C&N Escort",
      "2025-04-12": "C&N Escort",
      "2025-05-04": "C&N Escort",
      "2025-05-05": "C&N Escort",
      "2025-05-06": "C&N Escort",
      "2025-05-12": "C&N Escort",
      "2025-05-19": "C&N Escort",
      "2025-05-22": "C&N Escort",
      "2025-05-23": "C&N Escort",
      "2025-05-24": "C&N Escort",
      "2025-06-03": "C&N Escort",
      "2025-06-15": "C&N Escort",
      "2025-06-16": "C&N Escort",
      "2025-06-18": "C&N Escort",
      "2025-06-29": "C&N Escort",
      "2025-07-02": "C&N Escort",
      "2025-07-03": "C&N Escort",
      "2025-07-04": "C&N Escort",
      "2025-07-05": "C&N Escort",
      "2025-04-08": "Southern Escort"
    },
    "closing_history": [
      "2025-04-11",
      "2025-05-23",
      "2025-07-04"
    ],
    "required_closing_dates": [
      "2025-05-02",
      "2025-06-13"
    ],
    "optimal_closing_dates": [
      "2025-04-04",
      "2025-05-23",
      "2025-07-04"
    ],
    "home_weeks_owed": 0,
    "weekends_home_owed": 0,
    "y_task_counts": {
      "Supervisor": 0,
      "C&N Driver": 0,
      "C&N Escort": 36,
      "Southern Driver": 0,
      "Southern Escort": 2
    },
    "x_task_count": 0,
    "y_task_count": 22,
    "closing_delta": 0
  },
  {
    "id": "9127472",
    "name": "רומן נפטלייב",
    "start_date": null,
    "qualifications": [
      "C&N Escort",
      "Southern Escort"
    ],
    "closing_interval": 3,
    "officer": false,
    "seniority": null,
    "score": 14.0,
    "long_timer": false,
    "x_tasks": {
      "05/01/2025": "RASAR",
      "06/01/2025": "RASAR",
      "07/01/2025": "RASAR",
      "08/01/2025": "RASAR",
      "09/01/2025": "RASAR",
      "10/01/2025": "RASAR",
      "11/01/2025": "RASAR",
      "23/02/2025": "RASAR",
      "24/02/2025": "RASAR",
      "25/02/2025": "RASAR",
      "26/02/2025": "RASAR",
      "27/02/2025": "RASAR",
      "28/02/2025": "RASAR",
      "01/03/2025": "RASAR",
      "04/05/2025": "Guarding Duties",
      "05/05/2025": "Guarding Duties",
      "06/05/2025": "Guarding Duties",
      "07/05/2025": "Guarding Duties",
      "08/05/2025": "Guarding Duties",
      "09/05/2025": "Guarding Duties",
      "10/05/2025": "Guarding Duties",
      "29/06/2025": "Guarding Duties",
      "30/06/2025": "Guarding Duties",
      "01/07/2025": "Guarding Duties",
      "02/07/2025": "Guarding Duties",
      "03/07/2025": "Guarding Duties",
      "04/07/2025": "Guarding Duties",
      "05/07/2025": "Guarding Duties"
    },
    "y_tasks": {
      "2025-04-07": "C&N Escort",
      "2025-04-23": "C&N Escort",
      "2025-04-24": "C&N Escort",
      "2025-04-25": "C&N Escort",
      "2025-04-26": "C&N Escort",
      "2025-05-11": "C&N Escort",
      "2025-05-14": "C&N Escort",
      "2025-05-21": "C&N Escort",
      "2025-06-08": "C&N Escort",
      "2025-06-11": "C&N Escort",
      "2025-06-12": "C&N Escort",
      "2025-06-13": "C&N Escort",
      "2025-06-14": "C&N Escort",
      "2025-03-31": "Southern Escort",
      "2025-04-10": "Southern Escort",
      "2025-04-11": "Southern Escort",
      "2025-04-12": "Southern Escort",
      "2025-05-22": "Southern Escort",
      "2025-05-23": "Southern Escort",
      "2025-05-24": "Southern Escort"
    },
    "closing_history": [
      "2025-04-11",
      "2025-04-25",
      "2025-05-23",
      "2025-06-13"
    ],
    "required_closing_dates": [
      "2025-05-09",
      "2025-07-04"
    ],
    "optimal_closing_dates": [
      "2025-04-04",
      "2025-04-25",
      "2025-05-30"
    ],
    "home_weeks_owed": 0,
    "weekends_home_owed": 0,
    "y_task_counts": {
      "Supervisor": 0,
      "C&N Driver": 0,
      "C&N Escort": 22,
      "Southern Driver": 0,
      "Southern Escort": 10
    },
    "x_task_count": 0,
    "y_task_count": 20,
    "closing_delta": 0
  },
  {
    "id": "9437517",
    "name": "מליסה רופה",
    "start_date": null,
    "qualifications": [
      "C&N Escort",
      "Southern Escort"
    ],
    "closing_interval": 3,
    "officer": false,
    "seniority": null,
    "score": 15.5,
    "long_timer": false,
    "x_tasks": {
      "19/01/2025": "Kitchen",
      "20/01/2025": "Kitchen",
      "21/01/2025": "Kitchen",
      "22/01/2025": "Kitchen",
      "23/01/2025": "Kitchen",
      "24/01/2025": "Kitchen",
      "25/01/2025": "Kitchen",
      "02/03/2025": "Guarding Duties",
      "03/03/2025": "Guarding Duties",
      "04/03/2025": "Guarding Duties",
      "05/03/2025": "Guarding Duties",
      "06/03/2025": "Guarding Duties",
      "07/03/2025": "Guarding Duties",
      "08/03/2025": "Guarding Duties",
      "23/03/2025": "Guarding Duties",
      "24/03/2025": "Guarding Duties",
      "25/03/2025": "Guarding Duties",
      "26/03/2025": "Guarding Duties",
      "27/03/2025": "Guarding Duties",
      "28/03/2025": "Guarding Duties",
      "29/03/2025": "Guarding Duties",
      "18/05/2025": "Guarding Duties",
      "19/05/2025": "Guarding Duties",
      "20/05/2025": "Guarding Duties",
      "21/05/2025": "Guarding Duties",
      "22/05/2025": "Guarding Duties",
      "23/05/2025": "Guarding Duties",
      "24/05/2025": "Guarding Duties",
      "15/06/2025": "Guarding Duties",
      "16/06/2025": "Guarding Duties",
      "17/06/2025": "Guarding Duties",
      "18/06/2025": "Guarding Duties",
      "19/06/2025": "Guarding Duties",
      "20/06/2025": "Guarding Duties",
      "21/06/2025": "Guarding Duties",
      "09/02/2025": "RASAR",
      "10/02/2025": "RASAR",
      "11/02/2025": "RASAR",
      "12/02/2025": "RASAR",
      "13/02/2025": "RASAR",
      "14/02/2025": "RASAR",
      "15/02/2025": "RASAR"
    },
    "y_tasks": {
      "2025-04-02": "C&N Escort",
      "2025-04-15": "C&N Escort",
      "2025-04-17": "C&N Escort",
      "2025-04-18": "C&N Escort",
      "2025-04-19": "C&N Escort",
      "2025-04-29": "C&N Escort",
      "2025-05-07": "C&N Escort",
      "2025-05-08": "C&N Escort",
      "2025-05-09": "C&N Escort",
      "2025-05-10": "C&N Escort",
      "2025-05-25": "C&N Escort",
      "2025-05-27": "C&N Escort",
      "2025-06-04": "C&N Escort",
      "2025-06-05": "C&N Escort",
      "2025-06-06": "C&N Escort",
      "2025-06-07": "C&N Escort",
      "2025-06-22": "C&N Escort",
      "2025-06-25": "C&N Escort",
      "2025-07-01": "C&N Escort",
      "2025-04-09": "Southern Escort"
    },
    "closing_history": [
      "2025-04-18",
      "2025-05-09",
      "2025-06-06"
    ],
    "required_closing_dates": [
      "2025-05-23",
      "2025-06-20"
    ],
    "optimal_closing_dates": [
      "2025-04-04",
      "2025-04-25"
    ],
    "home_weeks_owed": 0,
    "weekends_home_owed": 0,
    "y_task_counts": {
      "Supervisor": 0,
      "C&N Driver": 0,
      "C&N Escort": 32,
      "Southern Driver": 0,
      "Southern Escort": 2
    },
    "x_task_count": 0,
    "y_task_count": 20,
    "closing_delta": 0
  },
  {
    "id": "8837884",
    "name": "לידר פנקר",
    "start_date": null,
    "qualifications": [
      "Southern Driver",
      "C&N Driver",
      "Supervisor",
      "C&N Escort",
      "Southern Escort"
    ],
    "closing_interval": 5,
    "officer": false,
    "seniority": null,
    "score": 16.5,
    "long_timer": false,
    "x_tasks": {
      "05/01/2025": "RASAR",
      "06/01/2025": "RASAR",
      "07/01/2025": "RASAR",
      "08/01/2025": "RASAR",
      "09/01/2025": "RASAR",
      "10/01/2025": "RASAR",
      "11/01/2025": "RASAR",
      "02/02/2025": "RASAR",
      "03/02/2025": "RASAR",
      "04/02/2025": "RASAR",
      "05/02/2025": "RASAR",
      "06/02/2025": "RASAR",
      "07/02/2025": "RASAR",
      "08/02/2025": "RASAR",
      "23/03/2025": "RASAR",
      "24/03/2025": "RASAR",
      "25/03/2025": "RASAR",
      "26/03/2025": "RASAR",
      "27/03/2025": "RASAR",
      "28/03/2025": "RASAR",
      "29/03/2025": "RASAR"
    },
    "y_tasks": {
      "2025-04-08": "Supervisor",
      "2025-04-20": "Supervisor",
      "2025-04-23": "Supervisor",
      "2025-05-04": "Supervisor",
      "2025-05-07": "Supervisor",
      "2025-05-20": "Supervisor",
      "2025-06-02": "Supervisor",
      "2025-06-09": "Supervisor",
      "2025-06-23": "Supervisor",
      "2025-06-29": "Supervisor",
      "2025-05-22": "C&N Driver",
      "2025-05-23": "C&N Driver",
      "2025-05-24": "C&N Driver",
      "2025-04-03": "Southern Driver",
      "2025-04-04": "Southern Driver",
      "2025-04-05": "Southern Driver",
      "2025-05-14": "Southern Driver",
      "2025-03-30": "Southern Escort",
      "2025-06-12": "Southern Escort",
      "2025-06-13": "Southern Escort",
      "2025-06-14": "Southern Escort"
    },
    "closing_history": [
      "2025-04-04",
      "2025-05-23",
      "2025-06-13"
    ],
    "required_closing_dates": [],
    "optimal_closing_dates": [
      "2025-04-04",
      "2025-05-09",
      "2025-06-13"
    ],
    "home_weeks_owed": 0,
    "weekends_home_owed": 0,
    "y_task_counts": {
      "Supervisor": 20,
      "C&N Driver": 4,
      "C&N Escort": 0,
      "Southern Driver": 6,
      "Southern Escort": 6
    },
    "x_task_count": 0,
    "y_task_count": 21,
    "closing_delta": 0
  },
  {
    "id": "9518772",
    "name": "תהילה טרנר",
    "start_date": null,
    "qualifications": [
      "Southern Escort"
    ],
    "closing_interval": 0,
    "officer": false,
    "seniority": null,
    "score": 15.0,
    "long_timer": false,
    "x_tasks": {
      "16/03/2025": "Kitchen",
      "17/03/2025": "Kitchen",
      "18/03/2025": "Kitchen",
      "19/03/2025": "Kitchen",
      "20/03/2025": "Kitchen",
      "21/03/2025": "Kitchen",
      "22/03/2025": "Kitchen",
      "04/05/2025": "Kitchen",
      "05/05/2025": "Kitchen",
      "06/05/2025": "Kitchen",
      "07/05/2025": "Kitchen",
      "08/05/2025": "Kitchen",
      "09/05/2025": "Kitchen",
      "10/05/2025": "Kitchen",
      "15/06/2025": "Kitchen",
      "16/06/2025": "Kitchen",
      "17/06/2025": "Kitchen",
      "18/06/2025": "Kitchen",
      "19/06/2025": "Kitchen",
      "20/06/2025": "Kitchen",
      "21/06/2025": "Kitchen"
    },
    "y_tasks": {
      "2025-04-06": "Southern Escort",
      "2025-04-14": "Southern Escort",
      "2025-04-21": "Southern Escort",
      "2025-04-28": "Southern Escort",
      "2025-05-11": "Southern Escort",
      "2025-05-12": "Southern Escort",
      "2025-05-14": "Southern Escort",
      "2025-05-20": "Southern Escort",
      "2025-05-26": "Southern Escort",
      "2025-06-03": "Southern Escort",
      "2025-06-09": "Southern Escort",
      "2025-06-22": "Southern Escort",
      "2025-06-23": "Southern Escort",
      "2025-06-29": "Southern Escort",
      "2025-07-02": "Southern Escort"
    },
    "closing_history": [],
    "required_closing_dates": [
      "2025-05-09",
      "2025-06-20"
    ],
    "optimal_closing_dates": [
      "2025-04-04",
      "2025-04-18",
      "2025-05-23",
      "2025-06-06",
      "2025-07-04"
    ],
    "home_weeks_owed": 0,
    "weekends_home_owed": 0,
    "y_task_counts": {
      "Supervisor": 0,
      "C&N Driver": 0,
      "C&N Escort": 0,
      "Southern Driver": 0,
      "Southern Escort": 30
    },
    "x_task_count": 0,
    "y_task_count": 15,
    "closing_delta": 0
  },
  {
    "id": "9517593",
    "name": "רבקה ארבינצר",
    "start_date": null,
    "qualifications": [
      "Southern Escort"
    ],
    "closing_interval": 0,
    "officer": false,
    "seniority": null,
    "score": 15.0,
    "long_timer": false,
    "x_tasks": {},
    "y_tasks": {
      "2025-04-02": "Southern Escort",
      "2025-04-13": "Southern Escort",
      "2025-04-16": "Southern Escort",
      "2025-04-27": "Southern Escort",
      "2025-04-30": "Southern Escort",
      "2025-05-06": "Southern Escort",
      "2025-05-13": "Southern Escort",
      "2025-05-19": "Southern Escort",
      "2025-05-25": "Southern Escort",
      "2025-05-28": "Southern Escort",
      "2025-06-08": "Southern Escort",
      "2025-06-15": "Southern Escort",
      "2025-06-18": "Southern Escort",
      "2025-06-25": "Southern Escort",
      "2025-07-01": "Southern Escort"
    },
    "closing_history": [],
    "required_closing_dates": [],
    "optimal_closing_dates": [
      "2025-04-04",
      "2025-04-18",
      "2025-05-02",
      "2025-05-16",
      "2025-05-30",
      "2025-06-13",
      "2025-06-27"
    ],
    "home_weeks_owed": 0,
    "weekends_home_owed": 0,
    "y_task_counts": {
      "Supervisor": 0,
      "C&N Driver": 0,
      "C&N Escort": 0,
      "Southern Driver": 0,
      "Southern Escort": 30
    },
    "x_task_count": 0,
    "y_task_count": 15,
    "closing_delta": 0
  },
  {
    "id": "8320845",
    "name": "David",
    "start_date": null,
    "qualifications": [
      "Supervisor",
      "C&N Driver",
      "C&N Escort",
      "Southern Driver",
      "Southern Escort"
    ],
    "closing_interval": 2,
    "officer": false,
    "seniority": null,
    "score": 17.0,
    "long_timer": false,
    "x_tasks": {
      "05/01/2025": "Guarding Duties",
      "06/01/2025": "Guarding Duties",
      "07/01/2025": "Guarding Duties",
      "08/01/2025": "Guarding Duties",
      "09/01/2025": "Guarding Duties",
      "10/01/2025": "Guarding Duties",
      "11/01/2025": "Guarding Duties"
    },
    "y_tasks": {
      "2025-04-02": "Supervisor",
      "2025-04-07": "Supervisor",
      "2025-04-16": "Supervisor",
      "2025-04-30": "Supervisor",
      "2025-05-06": "Supervisor",
      "2025-05-14": "Supervisor",
      "2025-05-21": "Supervisor",
      "2025-05-22": "Supervisor",
      "2025-05-23": "Supervisor",
      "2025-05-24": "Supervisor",
      "2025-06-03": "Supervisor",
      "2025-06-05": "Supervisor",
      "2025-06-06": "Supervisor",
      "2025-06-07": "Supervisor",
      "2025-07-02": "Supervisor",
      "2025-04-17": "C&N Driver",
      "2025-04-18": "C&N Driver",
      "2025-04-19": "C&N Driver",
      "2025-06-18": "C&N Driver",
      "2025-06-19": "C&N Escort",
      "2025-06-20": "C&N Escort",
      "2025-06-21": "C&N Escort",
      "2025-03-30": "Southern Driver"
    },
    "closing_history": [
      "2025-04-18",
      "2025-05-23",
      "2025-06-06",
      "2025-06-20"
    ],
    "required_closing_dates": [],
    "optimal_closing_dates": [
      "2025-04-04",
      "2025-04-18",
      "2025-05-02",
      "2025-05-16",
      "2025-05-30",
      "2025-06-13",
      "2025-06-27"
    ],
    "home_weeks_owed": 0,
    "weekends_home_owed": 0,
    "y_task_counts": {
      "Supervisor": 26,
      "C&N Driver": 6,
      "C&N Escort": 4,
      "Southern Driver": 2,
      "Southern Escort": 0
    },
    "x_task_count": 0,
    "y_task_count": 23,
    "closing_delta": 0
  },
  {
    "id": "1111111",
    "name": "Vitalchik",
    "start_date": null,
    "qualifications": [
      "Supervisor",
      "C&N Driver",
      "C&N Escort",
      "Southern Driver",
      "Southern Escort"
    ],
    "closing_interval": 2,
    "officer": false,
    "seniority": null,
    "score": 17.5,
    "long_timer": false,
    "x_tasks": {},
    "y_tasks": {
      "2025-03-30": "Supervisor",
      "2025-04-03": "Supervisor",
      "2025-04-04": "Supervisor",
      "2025-04-05": "Supervisor",
      "2025-04-15": "Supervisor",
      "2025-04-17": "Supervisor",
      "2025-04-18": "Supervisor",
      "2025-04-19": "Supervisor",
      "2025-04-29": "Supervisor",
      "2025-05-13": "Supervisor",
      "2025-05-27": "Supervisor",
      "2025-05-29": "Supervisor",
      "2025-05-30": "Supervisor",
      "2025-05-31": "Supervisor",
      "2025-06-12": "Supervisor",
      "2025-06-13": "Supervisor",
      "2025-06-14": "Supervisor",
      "2025-06-22": "Supervisor",
      "2025-06-25": "Supervisor",
      "2025-07-03": "Supervisor",
      "2025-07-04": "Supervisor",
      "2025-07-05": "Supervisor",
      "2025-05-01": "C&N Escort",
      "2025-05-02": "C&N Escort",
      "2025-05-03": "C&N Escort",
      "2025-05-15": "Southern Escort",
      "2025-05-16": "Southern Escort",
      "2025-05-17": "Southern Escort"
    },
    "closing_history": [
      "2025-04-04",
      "2025-04-18",
      "2025-05-02",
      "2025-05-16",
      "2025-05-30",
      "2025-06-13",
      "2025-07-04"
    ],
    "required_closing_dates": [],
    "optimal_closing_dates": [
      "2025-04-04",
      "2025-04-18",
      "2025-05-02",
      "2025-05-16",
      "2025-05-30",
      "2025-06-13",
      "2025-06-27"
    ],
    "home_weeks_owed": 0,
    "weekends_home_owed": 0,
    "y_task_counts": {
      "Supervisor": 34,
      "C&N Driver": 0,
      "C&N Escort": 4,
      "Southern Driver": 0,
      "Southern Escort": 4
    },
    "x_task_count": 0,
    "y_task_count": 28,
    "closing_delta": 0
  },
  {
    "id": "2222222",
    "name": "Shlomo",
    "start_date": null,
    "qualifications": [
      "Supervisor",
      "C&N Driver",
      "C&N Escort",
      "Southern Driver",
      "Southern Escort"
    ],
    "closing_interval": 4,
    "officer": false,
    "seniority": null,
    "score": 17.0,
    "long_timer": false,
    "x_tasks": {},
    "y_tasks": {
      "2025-04-01": "Supervisor",
      "2025-04-06": "Supervisor",
      "2025-04-10": "Supervisor",
      "2025-04-11": "Supervisor",
      "2025-04-12": "Supervisor",
      "2025-04-27": "Supervisor",
      "2025-05-01": "Supervisor",
      "2025-05-02": "Supervisor",
      "2025-05-03": "Supervisor",
      "2025-05-12": "Supervisor",
      "2025-05-18": "Supervisor",
      "2025-05-26": "Supervisor",
      "2025-06-15": "Supervisor",
      "2025-06-18": "Supervisor",
      "2025-06-24": "Supervisor",
      "2025-06-26": "Supervisor",
      "2025-06-27": "Supervisor",
      "2025-06-28": "Supervisor",
      "2025-03-30": "C&N Driver",
      "2025-05-28": "C&N Escort",
      "2025-05-29": "Southern Escort",
      "2025-05-30": "Southern Escort",
      "2025-05-31": "Southern Escort"
    },
    "closing_history": [
      "2025-04-11",
      "2025-05-02",
      "2025-05-30",
      "2025-06-27"
    ],
    "required_closing_dates": [],
    "optimal_closing_dates": [
      "2025-04-04",
      "2025-05-02",
      "2025-05-30",
      "2025-06-27"
    ],
    "home_weeks_owed": 0,
    "weekends_home_owed": 0,
    "y_task_counts": {
      "Supervisor": 30,
      "C&N Driver": 2,
      "C&N Escort": 2,
      "Southern Driver": 0,
      "Southern Escort": 4
    },
    "x_task_count": 0,
    "y_task_count": 23,
    "closing_delta": 0
  },
  {
    "id": "000000000",
    "name": "ניר כהן",
    "start_date": null,
    "qualifications": [
      "Southern Escort",
      "Southern Driver",
      "C&N Escort",
      "C&N Driver"
    ],
    "closing_interval": 3,
    "officer": false,
    "seniority": null,
    "score": 15.5,
    "long_timer": false,
    "x_tasks": {
      "12/01/2025": "RASAR",
      "13/01/2025": "RASAR",
      "14/01/2025": "RASAR",
      "15/01/2025": "RASAR",
      "16/01/2025": "RASAR",
      "17/01/2025": "RASAR",
      "18/01/2025": "RASAR",
      "16/02/2025": "RASAR",
      "17/02/2025": "RASAR",
      "18/02/2025": "RASAR",
      "19/02/2025": "RASAR",
      "20/02/2025": "RASAR",
      "21/02/2025": "RASAR",
      "22/02/2025": "RASAR",
      "30/03/2025": "RASAR",
      "31/03/2025": "RASAR",
      "01/04/2025": "RASAR",
      "02/04/2025": "RASAR",
      "03/04/2025": "RASAR",
      "04/04/2025": "RASAR",
      "05/04/2025": "RASAR",
      "04/05/2025": "RASAR",
      "05/05/2025": "RASAR",
      "06/05/2025": "RASAR",
      "07/05/2025": "RASAR",
      "08/05/2025": "RASAR",
      "09/05/2025": "RASAR",
      "10/05/2025": "RASAR",
      "25/05/2025": "Guarding Duties",
      "26/05/2025": "Guarding Duties",
      "27/05/2025": "Guarding Duties",
      "28/05/2025": "Guarding Duties",
      "29/05/2025": "Guarding Duties",
      "30/05/2025": "Guarding Duties",
      "31/05/2025": "Guarding Duties",
      "15/06/2025": "Guarding Duties",
      "16/06/2025": "Guarding Duties",
      "17/06/2025": "Guarding Duties",
      "18/06/2025": "Guarding Duties",
      "19/06/2025": "Guarding Duties",
      "20/06/2025": "Guarding Duties",
      "21/06/2025": "Guarding Duties",
      "09/03/2025": "RASAR",
      "10/03/2025": "RASAR",
      "11/03/2025": "RASAR",
      "12/03/2025": "RASAR",
      "13/03/2025": "RASAR",
      "14/03/2025": "RASAR",
      "15/03/2025": "RASAR"
    },
    "y_tasks": {
      "2025-04-06": "C&N Driver",
      "2025-04-24": "C&N Driver",
      "2025-04-25": "C&N Driver",
      "2025-04-26": "C&N Driver",
      "2025-05-11": "C&N Driver",
      "2025-05-12": "C&N Driver",
      "2025-06-01": "C&N Driver",
      "2025-06-02": "C&N Driver",
      "2025-07-01": "C&N Driver",
      "2025-04-13": "C&N Escort",
      "2025-06-10": "C&N Escort",
      "2025-06-24": "C&N Escort",
      "2025-04-07": "Southern Driver",
      "2025-04-15": "Southern Driver",
      "2025-05-18": "Southern Driver",
      "2025-06-03": "Southern Driver",
      "2025-06-22": "Southern Driver"
    },
    "closing_history": [
      "2025-04-25"
    ],
    "required_closing_dates": [
      "2025-04-04",
      "2025-05-09",
      "2025-05-30",
      "2025-06-20"
    ],
    "optimal_closing_dates": [
      "2025-04-25"
    ],
    "home_weeks_owed": 0,
    "weekends_home_owed": 0,
    "y_task_counts": {
      "Supervisor": 0,
      "C&N Driver": 16,
      "C&N Escort": 6,
      "Southern Driver": 10,
      "Southern Escort": 0
    },
    "x_task_count": 0,
    "y_task_count": 17,
    "closing_delta": 0
  }
]