{
  "05/01/2025_to_18/01/2025": {
    "filename": "y_tasks_05-01-2025_to_18-01-2025.csv",
    "start_date": "05/01/2025",
    "end_date": "18/01/2025",
    "created_at": "2025-08-16T23:11:21.496414"
  },
  "19/01/2025_to_01/02/2025": {
    "filename": "y_tasks_19-01-2025_to_01-02-2025.csv",
    "start_date": "19/01/2025",
    "end_date": "01/02/2025",
    "created_at": "2025-08-16T23:11:58.708863"
  },
  "02/02/2025_to_15/02/2025": {
    "filename": "y_tasks_02-02-2025_to_15-02-2025.csv",
    "start_date": "02/02/2025",
    "end_date": "15/02/2025",
    "created_at": "2025-08-16T23:12:21.614626"
  },
  "16/02/2025_to_08/03/2025": {
    "filename": "y_tasks_16-02-2025_to_08-03-2025.csv",
    "start_date": "16/02/2025",
    "end_date": "08/03/2025",
    "created_at": "2025-08-16T23:12:39.860068"
  },
  "09/03/2025_to_29/03/2025": {
    "filename": "y_tasks_09-03-2025_to_29-03-2025.csv",
    "start_date": "09/03/2025",
    "end_date": "29/03/2025",
    "created_at": "2025-08-16T23:13:19.827265"
  },
  "30/03/2025_to_05/07/2025": {
    "filename": "y_tasks_30-03-2025_to_05-07-2025.csv",
    "start_date": "30/03/2025",
    "end_date": "05/07/2025",
    "created_at": "2025-08-16T23:13:47.819987"
  }
}